unique_id,LayerID,Anomalous,Area
faa1c31e-9996-4a21-a01f-107765cc47a2,114,1,21259.0
dfd19670-5ace-4dbf-9d15-342843f87c74,115,1,25280.0
a17e3205-72d8-4fe8-899b-e3420a50f72a,116,1,24317.0
865d80a8-dff0-4b1b-acbd-f20658ff22af,117,1,28745.0
4f9aa197-713b-457c-b1d2-9a067dbbf232,118,1,22521.0
23e13484-6122-4a49-9635-30ae4c00db21,119,1,19632.0
ad9e2c53-e9de-408f-acc9-5a8f9d6094ad,120,1,20697.0
f5005140-d4b2-4666-b813-355e9718a7ea,121,1,21396.0
7768d499-bc85-42b0-b83c-dcfb8b97439c,122,1,17155.0
804bcef7-1ddf-4c9b-ad83-bf100ea7cd27,123,1,11006.0
81ba43fb-dbf2-438e-90e7-48aee3e5bf50,124,1,22319.0
0d5e62cd-9486-4282-ba29-2e4edc5eb66d,125,1,19030.0
8a08a6c1-d51b-462e-96af-f93c193b703b,126,1,11539.0
d3f4b87c-db14-4045-b691-a17658fda13a,127,1,14182.0
247cdc78-7c96-4d93-a349-901a16508834,128,1,11334.0
c2effe0e-657e-43aa-aca9-bc9d6dcd01cc,129,1,10647.0
eb9bbe17-38ba-475a-9dc4-73bbd6dd1352,130,1,20922.0
3d2a4ffd-9210-4583-be8e-2af3b1c77c5b,131,1,18263.0
e2dd5a58-c8eb-42ca-b472-83548d05978a,132,1,13448.0
bb6abea6-b219-4071-985f-b4b2206fdadb,133,1,11755.0
4c1e7c49-4843-4cb5-b5ce-77b866e8ee2b,134,1,9547.0
355a48f3-7a88-4d57-9ab1-de9c51d0b723,135,1,13322.0
28a578e3-6814-4c80-bc6e-0a91568e6a3b,136,1,15510.0
0e1b3e38-d310-42a4-b9d2-6dc7875c66c5,137,1,17656.0
4f143ffb-f1db-40bf-830d-55ff58db7b8b,138,1,10614.0
de166fcd-378a-4574-9489-0bc217fad30c,139,1,15021.0
0c6eaca3-d16d-4371-8aef-4d6ff844d861,140,1,11827.0
bba12f7b-7a52-4025-8d17-364ac40b12b9,141,1,6531.0
5fda6424-dc24-4acc-91e5-f7dc92cfc991,142,1,13379.0
b48b1ee3-db32-4cf0-98d3-51f9a76b28f9,143,1,13303.0
1e3a22c5-7f04-485d-80a8-232477b91c14,144,1,7418.0
425e5e8b-bd67-4df8-b59a-1004cca3e0e0,145,1,7651.0
99f05995-3491-4fa5-a9b9-c6b7715d3d9d,146,1,7259.0
9ef570d1-2578-4f2c-81db-dfaf976c6077,147,1,4440.0
7881f4e0-5868-4969-b14d-6550f1d714ad,148,1,5746.0
4b0e6c72-35c5-44fa-bf97-838a31c475d3,149,1,4704.0
df214559-42ab-45e5-a047-5f8099ee4266,150,1,4626.0
f26d7905-8c4d-40f2-9fa2-80f39b108dd8,151,1,4389.0
c1f2d788-099c-478b-9e9b-933507fe5953,152,1,3670.0
610761bc-d8b5-47a9-9a5d-3508996f3836,153,1,3255.0
77fb2eb3-fed5-444c-828d-46b312bc4b7c,154,1,3293.0
36ab2e31-e7dc-46cf-ae02-d46a60ae11c5,155,1,3028.0
34d6316b-85bb-41d5-aa5e-4a6232e10fc7,156,1,2853.0
3f905284-2fd4-4ba5-a79d-7f1d4037d708,157,1,2708.0
5c188e25-293f-4465-9c4b-5042e91a0483,158,1,2448.0
1940293d-b72c-4148-a153-dee233783250,159,1,2175.0
b3e00279-c606-4eb5-bc1f-9b5b9d7e860e,160,1,3151.0
b0f28d58-3aa6-4b8b-ae40-587f1ffe0fb2,161,1,2356.0
9173f75b-27c0-4f86-ace7-bcbcf780bb37,162,1,2717.0
9de617c2-1004-452e-94bf-94d30846a0ce,163,1,2216.0
647913c6-1686-40a6-848f-0adf0d8e5dfe,164,1,1873.0
d4ed1f5c-eebb-46a9-86db-2eaca7dca9a3,165,1,4082.0
9a4bc076-2c8c-4a68-92fe-1be1e3b5d07a,166,1,1394.0
23d3a74c-6abc-4724-9838-21ede04fb692,167,1,1735.0
d5e7bd61-2c7e-4fbe-9fe7-3c8f2b366ff4,168,1,1546.0
a3e12579-e9b6-4b5f-91d8-ae2b7580313e,169,1,644.0
2116cf35-182d-4436-a38d-9cd565120a20,170,1,567.0
68b70be9-8361-4e90-8582-51a321dcf30a,171,1,861.0
9eecdfa4-4707-4a07-94e3-82c97c58c356,172,1,640.0
be74bd32-5135-457a-9dcb-c6766e43bbfd,173,1,1337.0
f30f64f5-c82d-43a8-b27d-1ff205830d12,174,1,399.0
9900c79d-b0f5-46f0-adfe-790201710c93,175,1,180.0
1ca2b1bc-b0ea-45cb-a583-dc894699a814,176,1,272.0
5d918c11-d87e-4c0c-a96f-4824064056a3,177,1,238.0
2013e017-d90c-4217-b91d-545abca8938c,178,1,280.0
1243ee4e-fc73-4aab-9142-8f5bb808fc6e,179,1,1269.0
fdda1274-bb04-46f0-86bf-5e1a0ef116d2,180,0,0.0
8862904f-dff3-4e42-a60a-ac222ae67b0e,181,1,180.0
181b6d7e-0ff1-4a68-94ed-13c9fa3ecc4e,182,1,192.0
511c88ed-dfab-4234-af0f-73766ca87cbe,183,1,299.0
7a9c5b84-b662-4031-a09d-981308e2335d,184,0,0.0
35fd3a92-4c26-4922-902d-8143a97a176c,185,0,0.0
eef1e3c8-b2d0-4c5a-8839-fd3a91aa4f4c,186,0,0.0
b4f5faf0-79b9-477f-8d3f-4acde6c71b30,187,1,3432.0
fd784659-5994-46ea-aeee-ed3774b821bc,188,0,0.0
b6ca9adf-ea65-4fe0-95a6-fe4074f337a1,189,0,0.0
0380d011-6591-4f70-be22-bba4e9d6c6f2,190,1,4253.0
3446acf5-a94e-4e16-af9c-22ceb08fa856,191,1,6230.0
63edb487-86b7-4660-bbc3-4d44df848644,192,1,2706.0
ea6fcd2f-0dce-49fe-95e7-0a0d0833974e,193,1,1993.0
1eef5f72-5067-4f71-8e3a-23f09b789ea7,194,1,3745.0
65142707-3482-4dbc-8383-19808501a4ff,195,0,0.0
8c841390-5759-4955-a7b0-72d3f6824651,196,1,162.0
c47e92ef-a616-4909-9eaa-26bc6cc381f5,197,0,0.0
8100f250-1fa5-4fc2-ad99-a95f191bf781,198,0,0.0
6f43cfdf-a6f2-481c-bbc8-51c7e6e34b8a,199,0,0.0
87935984-8355-4d97-b13f-da1dd8a39448,200,0,0.0
f1597397-6559-4e3c-b532-35e69d6b6233,201,0,0.0
951b584a-9670-41a0-8e65-8170c6434230,202,1,634.0
29f45967-adda-4f93-ba86-4badb9d958e2,203,1,110.0
53bed964-6c3e-43de-bdb7-b769dbe61ac5,204,0,0.0
7f453450-9352-460e-94c7-dec51b3ea90f,205,1,357.0
56a97f5f-d901-4739-9f0c-8efe52bc52bd,206,0,0.0
fd5b9708-1bac-4ff3-a641-d30f015e35f3,207,1,2988.0
9921a929-59e6-4fe1-bde3-c711e16f6244,208,0,0.0
3c8dc30c-2a5e-4f4a-93c1-873dfbc86acf,209,1,546.0
593612f2-1db5-4b7a-bb25-62ed21a47ef7,210,0,0.0
e75977bf-38ce-4d57-b2d8-74bda8d71e00,211,1,300.0
b295af73-ee42-4d5a-9007-24513a4d8bee,212,0,0.0
a157fcb2-2e74-4ae0-bc28-dbac5531e5ec,213,0,0.0
9d3be63d-9f8b-4ee5-9b62-291e995d32d4,214,1,2394.0
fc98b9ae-9bdf-4568-b73e-a7cab7a58418,215,0,0.0
2a7e976c-a629-43e0-9331-7151b3dd0df4,216,0,0.0
6d8990c9-1153-4e11-98b1-6ea851be9615,217,1,1517.0
d6c19620-be12-4d9f-8ab8-eeb86512dd26,218,0,0.0
1e033ac8-eebe-45f8-ac4e-72da57b06e6f,219,0,0.0
efe920f4-7b9e-4862-bf90-32d4f0490fa9,220,0,0.0
2bf68a7c-f5d1-46da-aaa2-6d17486b291a,221,1,299.0
8330809b-ee0d-4f59-b604-6992ca25aaae,222,0,0.0
93f67a4b-3cb1-4697-99df-04083a284cb8,223,0,0.0
8b88c726-56d1-4ab3-93d8-8b6fefbf6fdc,224,1,198.0
2298054b-e9fa-4e18-940f-247dbd194905,225,1,840.0
697cb3ee-95c8-467a-8d23-3cc4d6dda21b,226,0,0.0
0de321c2-8ed9-43d1-994f-8c26b72855b8,227,1,3954.0
dbf3b5b1-338e-4bdf-91a4-d269ddaba993,228,1,6668.0
e83933ca-f4e5-446c-a49e-8a6b3bf42f19,229,1,7095.0
b77c91e8-42b4-4a15-bc97-ad9bbb08810d,230,1,6677.0
2288b95d-b619-47e8-89d0-d5e2b6c8de32,231,1,3000.0
d393d0a8-d82f-4f5b-abe7-367fe0dce0c9,232,1,2236.0
8460bf1f-6bf0-4989-af01-2a4b7224c303,233,1,2646.0
89046d51-584f-4571-8f7c-6294249c3650,234,1,2132.0
a36218ea-3fbf-4779-9c48-3512b9c6d24d,235,1,2948.0
e579058d-ba1b-4c0c-b5d7-5c7fff2f12bb,236,0,0.0
1d73f323-8f85-4671-8215-100d51ccd5f2,237,0,0.0
f69c499d-0f6b-457b-9298-dc7a9c94a7b9,238,1,266.0
df1218fe-70b9-45b6-b95b-acd9d644b48a,239,1,256.0
a76e2322-b5bb-4e81-bb21-99743dd02edc,240,0,0.0
835e471a-74a2-41d3-9c9c-5af2b2613bee,241,1,442.0
f2d2bb66-1f5d-4bb4-8913-2e8dea3948ef,242,0,0.0
45ce2dff-4138-44f0-9aa5-311a02c87ff2,243,0,0.0
22fef1de-6e34-4193-991f-c2e4d9debcf3,244,1,2278.0
12dd4366-852c-4897-8a0b-d8c36fc43498,245,0,0.0
3ec568ee-c84b-45dc-bbc5-a4941cac4172,246,1,1404.0
d02cc42d-34d5-46c5-8dbb-7c4ca3f6d3b0,247,0,0.0
d204bd42-f69f-4374-bb40-94886be66591,248,0,0.0
f4bb7af7-d159-4f0b-a864-15720769cae2,249,0,0.0
2061d159-b7ba-4173-84fd-08715139be65,250,1,529.0
064bd706-210a-4ba2-a577-e46d7c85a228,251,1,600.0
39d5122c-cfe9-4bf4-8a84-3cb134f265f5,252,1,532.0
a2a89d04-d320-4b71-99a6-d2c949b4baf8,253,0,0.0
3e15b188-b57e-43e3-9f4b-183fe00f4e52,254,0,0.0
17ee49b9-5010-4834-8326-c34df69b682b,255,1,504.0
7801d7f6-36a9-4b8a-a53a-704fbee378fc,256,1,112.0
73ab09d4-e4f0-47f2-a2ca-3c830d59d7e3,257,1,360.0
2403f36f-8d62-42e3-bbbe-a1d0df08a8a4,258,0,0.0
e61eaa75-9e0e-409d-a824-32cdf165c58b,259,1,2064.0
769bec7a-6881-4228-8842-44c015556201,260,1,420.0
4213b43f-ab2c-4907-b95d-554600b99aae,261,0,0.0
092f8508-6607-4f3e-90ec-c650546803f7,262,0,0.0
d6444362-b745-408a-aabc-b2cabe6d8c97,263,0,0.0
6a1bb2df-870b-44d1-8196-2e5176129fb2,264,0,0.0
93543c62-30db-40b9-918f-66376582e1d1,265,0,0.0
fc46f3ed-df81-4d4c-ad97-09d3fe35caf3,266,0,0.0
32967f22-71e3-4b6a-a5d3-c1b59002ed6c,267,1,2736.0
efc3e0c5-3bea-45a9-a5ef-6c5f14b66e1d,268,1,2695.0
9682bad1-d163-47ff-bbbd-e503ba8edb64,269,1,2956.0
37b97f6c-c0d7-4ef4-98e8-ae42c366e265,270,1,3140.0
e48a4b5a-bf5b-4900-bc64-90b274a660ca,271,1,2382.0
efd8c980-b7e6-4238-a679-41b6c7adbd16,272,1,2256.0
ff03e7c4-951c-49d2-a832-cfccc29b35cf,273,1,5318.0
ec91f32c-9ec7-4ded-9d0a-f6cb7b68f3e2,274,0,0.0
2b5be0b6-e280-4fbf-bcb7-e71b9e4f15b6,275,1,3528.0
a2d3301d-ca9a-4d6c-a8fe-4304b3e223ef,276,0,0.0
4f5739a4-f530-48d7-bd1d-d59109bb6517,277,1,3074.0
a0f316b1-8f8a-440b-92ec-1b9a632e97d7,278,0,0.0
20874dc9-52cf-44b4-89e7-7f06b8179b72,279,1,3484.0
bb237d23-72ed-41d9-a8f1-672650a9ba2b,280,0,0.0
5e8896d8-f15a-4261-8b6c-7ee832288c33,281,0,0.0
fb85717e-2c7b-4709-9b78-b63e09e6b78d,282,1,1936.0
43c6eac2-7cf8-4a2a-85dc-d72c81459a66,283,1,1116.0
5cd0f1b3-dce8-4f30-8139-fcd846cab3a7,284,1,2592.0
ceb5a6bd-b767-4506-b9c0-d9d859ba3cb4,285,1,126.0
970c82f0-3e03-4541-a73f-25e3e49dc0c2,286,1,1450.0
3d2e78b8-0e96-4a6f-a92a-49eeec6fc001,287,0,0.0
f336a260-9992-4ed1-b837-ff78cef91636,288,0,0.0
5c8c4b71-bf5e-475d-b94b-52098b2ee949,289,0,0.0
d0bbeb8d-3a3c-45e5-8e10-a8b867f0c38b,290,1,105.0
2f4e96ee-d926-43fa-8594-ac00777ebd3b,291,0,0.0
a4fa9c6b-f647-41dd-b2ad-b909aaf81e47,292,1,432.0
4b7f38b8-f69a-485b-a6b9-0ecf14282bc4,293,0,0.0
9b4150f5-868f-48e9-ba37-45b61c2b3e5b,294,0,0.0
d284a48b-876d-4029-a132-7f1cc6942873,295,0,0.0
77b4bfdc-47ae-401b-8d32-9d37b383e11a,296,0,0.0
ac14eed9-d330-4228-b298-00b990ba7d90,297,0,0.0
b8b2dd8d-a4cf-4978-8701-3e027974b749,298,0,0.0
503b8bf7-4044-4ba1-b884-c5eef55f7038,299,1,1050.0
b9d5dc37-ceca-4a49-8e6b-c36f220fe930,300,0,0.0
3e5a6b1b-2474-44ee-9b49-18029694b729,301,1,3169.0
227b3a66-739e-4af3-a560-50ef5c4c1435,302,0,0.0
0902ff6a-a2a8-48b9-865d-bec2f4808ed8,303,0,0.0
ed99d2c1-6324-4c88-b07a-54304f275c34,304,0,0.0
e498dee2-a144-4e7b-96c3-ba2c96cb5a20,305,0,0.0
d500ba6e-d15f-44a6-8c6f-f4f47bd4c0b1,306,0,0.0
6694af1c-0773-4460-899c-af262ad792dd,307,1,1482.0
f8ffa884-db99-46df-9493-a96844467f37,308,0,0.0
7e2cb118-b0f0-40a0-8c72-8907bf632a8c,309,1,2112.0
f95fe3b9-98d8-4dc6-853e-a43358570df9,310,1,299.0
a7ddafba-bfbb-47f6-8451-4b756f9018ac,311,0,0.0
41c3d014-a514-426b-972d-66129ce7d77f,312,0,0.0
cf837f02-bbfe-4249-80da-05fb1bcc7041,313,0,0.0
c2a52e2a-0a00-4444-adfe-ecd9a870f723,314,0,0.0
dacbcc30-ac72-4dfe-acda-e68386827145,315,1,3420.0
6dff9525-003a-4ab8-b9c3-10f27d739e47,316,1,3063.0
e24c56e7-9e32-4bce-b47a-493fc0819e2d,317,1,8750.0
146b0d30-8efe-47f2-9d77-2f60def8134c,318,1,6120.0
c8c78d93-b0e4-4ac8-a058-aa98dbb286a8,319,1,4860.0
4952bf8a-1baa-4590-8dbd-50ef41ed9b8b,320,1,5272.0
604fcb93-7410-4606-8838-3dd82c047638,321,1,4489.0
97059a05-c3f2-430a-9e81-3ba82456275d,322,1,4774.0
24ec333e-2dda-437f-a9bb-1e48b308bbd7,323,1,4966.0
09f1bdc1-41d7-4aca-8291-89613baf2955,324,1,4993.0
c1f656f8-97e8-4a20-bf36-cb45de4524d3,325,1,4628.0
39b3099d-b6ff-4903-b5ed-7b55078f8ee9,326,1,3389.0
5c997db5-d9e4-48e0-9584-58e34dc59597,327,1,2059.0
6f365d26-09ea-4c46-b552-febfaa8dea7a,328,0,0.0
6617ecd1-e781-48e2-b1f9-56c96edcf3dd,329,1,600.0
943f8890-3736-43bb-955c-321dd8dd11c6,330,0,0.0
890a1a95-de49-4cdf-9110-771b6acabbc3,331,1,2879.0
cc81593d-0593-4cee-9ce6-1ecdeaad70fe,332,0,0.0
f07587a2-ea77-4305-9999-a47daadff468,333,1,1068.0
327f610b-3a04-4caf-8414-04c935a0a566,334,1,323.0
ae522c4d-dc56-43bc-8fed-ecb73be9eb6b,335,1,528.0
a8ac5cac-a5a6-4062-9991-349638acc939,336,0,0.0
4009983f-ad1a-4c1d-806d-33f794da4847,337,1,196.0
c4012b79-3e6b-4fac-84f3-786e13a2ce17,338,1,1330.0
60d471ab-6da1-4b4f-b841-b834a571007a,339,1,240.0
f819b2a3-3716-4f68-85b1-f833df27cdf6,340,1,210.0
b9926913-5647-4d93-a44d-93a4e33a9571,341,0,0.0
7f8713cd-e59c-4d16-a054-f4a415e39bde,342,1,100.0
3bf8e3fe-ab5f-4f10-adf1-518bc3bbebb8,343,1,1069.0
be788a0f-edb5-49e8-bcdf-a42bce805e30,344,1,195.0
cbaed63b-e4a1-48e9-92c9-d978bb651a61,345,1,322.0
627a3f18-5cd9-4cfa-b6f3-7558d2f8e305,346,1,420.0
7c53a60d-f3d7-49a0-8268-d6f779f22087,347,1,3382.0
855a2c24-4a3f-40b2-b250-e97839272892,348,1,982.0
6a3b3b1a-8b26-4009-b6ce-ab39c05d857f,349,1,2948.0
ddac55ad-966b-45da-87e8-f81caa335691,350,1,285.0
60c57c61-e3fe-493e-8845-084f8882602e,351,1,2543.0
9b2e4ef4-f2b9-45c7-86fb-f443c597afd4,352,1,933.0
cf36c17e-22c3-4681-8fac-2dba3f809da4,353,1,2990.0
7046c331-8a4e-4003-a9ce-157e77fb9a98,354,1,1831.0
0203421c-43ce-4c08-a061-49ba675b1b10,355,1,3359.0
7ba5dbf0-81ce-4413-8c9f-6ca20e37086b,356,1,390.0
93419fef-5866-47dd-9504-b2620a6ceeb3,357,1,2602.0
1aa83641-5acf-4000-8289-c77cfedb3c93,358,1,4614.0
ba7768af-3bef-4691-bce1-d55dff421f64,359,1,2673.0
cf027e40-7338-4395-891e-f500e6e018e3,360,1,3487.0
9b3867ce-738a-45ed-bc53-c598a37b9834,361,1,5092.0
a707ac3b-5b46-4b5d-bfee-1f5b4aacacb6,362,1,1565.0
d6e1991e-6c84-4918-9bce-12f9257b8728,363,1,4555.0
644d50d2-3f25-453d-9b45-161b2c3fcf15,364,1,5173.0
53a356e6-2683-4ccc-be33-c07a7c233fa2,365,1,5451.0
b334c539-ee33-4a23-9333-ef80dbe778b9,366,1,4421.0
547781dd-4dc5-451b-a3f3-c06289f56d74,367,1,6594.0
1cc70236-8e5a-417d-a4c5-9f76f6e37c93,368,1,5136.0
8c241e00-c8bf-469e-a74e-67208f1f9dd5,369,1,4212.0
12ff43c0-6cce-46d4-8487-047742e7c5c2,370,1,3718.0
af08ab64-0b86-4a11-a5a8-98103ea11b9e,371,1,3940.0
08ba77e0-dc4b-425b-a462-cceacac532ed,372,1,3153.0
734fadba-6516-4cfe-a526-e053e3a8c252,373,1,4761.0
d5470b56-39af-417c-8f81-1ea59b333cd3,374,1,3380.0
ba45a812-acf0-4ac0-896b-fd13ce6b2289,375,1,5356.0
1797b5df-1ede-4842-b054-563b4459c9a5,376,1,1671.0
52fc4e89-91db-47ec-a360-2cae907b04ec,377,1,1706.0
c59540ef-48dd-4116-944f-4d77e6f9de6d,378,0,0.0
dfd87ce0-79d6-4acb-bbfe-4362b6a2af55,379,1,750.0
e6e03415-4a8e-4191-ba4f-1aae11d27f2c,380,1,1160.0
a5c3f612-2204-483b-a1f7-d7c1df685939,381,1,441.0
20691166-7686-4405-8fb5-87b6aa47843f,382,1,264.0
5d60cf87-61c2-4c4b-820d-b1afb56ed0e3,383,1,832.0
01d50390-1f01-4943-b9c1-d923f4c850a2,384,1,390.0
7717fd32-598b-42d4-9ba4-779837a6afc6,385,1,1745.0
1fdbbab1-f48b-47e6-ab7f-b329002b57c9,386,0,0.0
0b72e169-4057-4c8b-a6a4-5c32bc35ba9e,387,1,1753.0
920e39a2-3785-4cc9-9eed-3b3afb5bcaed,388,1,160.0
d81553f7-c6e3-4dee-b496-d23e8952f4a4,389,1,126.0
08a13ed5-22f1-4148-aa61-7dde285dd3c1,390,1,120.0
0ac4c5aa-42f5-4bc8-ae04-24103f0b0140,391,1,1700.0
bd062180-bba6-41c4-a141-a152d53de555,392,1,1325.0
9c309a70-673e-4479-8497-c80fc924424b,393,1,4243.0
293d010c-2053-44b9-9f66-4073b9b36af9,394,1,2494.0
0aa1c2c3-0581-46d3-9687-9fea0f183586,395,1,119.0
7a99118e-16df-4d77-87f6-fc6eb6b530a3,396,0,0.0
c5ef9545-a908-4373-84e2-4c672dfe3751,397,1,2100.0
4667798a-7000-4a01-a774-825b4b58005a,398,1,2198.0
87256470-cf9c-4bd8-ba7b-b1bcf366dfe6,399,1,2577.0
dfacca32-c00c-401a-98a2-0086631e1801,400,1,2072.0
f24bcb82-af5a-44db-99c3-44f3a8e7f1b9,401,1,286.0
6a3827b8-1aae-44aa-bace-8d8a723dd2e5,402,0,0.0
0d8fc5e6-b8d5-40c5-9a37-802279189301,403,1,154.0
c74e15d4-7f76-48a4-8004-7ac0797e2c17,404,1,2587.0
c45d5627-ef61-4b8e-8217-aaeb2ebc36fa,405,1,4691.0
72d1f9f6-609c-4c54-8458-056d4a3b07b5,406,1,3086.0
38182ec8-8149-4618-b465-4ad970cc1f13,407,1,3582.0
0e82609d-dc9a-4e45-aa99-a66a3ce32bcd,408,1,7522.0
5f4a86eb-f7cb-4b0c-94b9-128df93f5f59,409,1,4490.0
ce58bdce-1c29-47a0-849f-0770bd530a27,410,1,3102.0
5935d4ce-4850-49c7-9a24-f324acdc6c39,411,1,2325.0
005f3ded-9139-43d8-8713-44f006f803b8,412,0,0.0
38f2f0b9-27ac-4b5e-aedf-0f3f373dd839,413,1,2646.0
85490160-09ba-4356-b1dd-4451ed065452,414,1,2880.0
e1563799-521e-44fa-b7e9-145eebd35a88,415,1,3220.0
fdcd742e-bcb5-4467-9e7e-be24a90e304a,416,1,221.0
c027ab5a-640e-4fbb-a07c-606de8694191,417,1,3186.0
9be6c9ea-534a-4118-a9fb-3c16e270921a,418,0,0.0
26e6e7e5-29d5-4ad6-9451-3b4411561314,419,1,3780.0
902db72d-9410-4359-93de-c1cb4b6cbe42,420,1,4894.0
5a4eabaf-782f-44a4-8a21-da34af8da8ed,421,1,2496.0
693c551c-acb8-4e75-9e0f-0e4e136a87fe,422,0,0.0
e49aef10-f48c-4c8c-9a59-7f05f06b163c,423,1,400.0
6ffd68cd-ae2c-4e44-825a-00af4c0fb966,424,1,1988.0
d5ab1995-71e4-4990-a75c-c723883df9e1,425,0,0.0
df11b075-b361-4b5b-b151-48c7dec284c1,426,0,0.0
6e3133a8-9cfc-482b-b110-62a5faf28205,427,1,1623.0
22a8ec20-602d-41c2-a1db-7784c1c9110a,428,0,0.0
bb30f8a1-a089-4c26-aafb-e3502c551e4f,429,0,0.0
bd5d2e46-4db3-44e2-a8a1-372faa700a35,430,0,0.0
88046285-f0f4-4207-a1a1-29b721fafaba,431,0,0.0
900ef09f-7ce7-4cdb-b55e-981de7517eeb,432,1,1386.0
ddeee7ec-add1-432c-b706-34c6f73ad342,433,0,0.0
a5691359-f225-4b2f-a364-f7c93f3522c9,434,1,266.0
003fa217-e4df-4e65-8db2-f98ddb94afbf,435,0,0.0
f26e4a50-d7ed-4a0d-bdeb-d297715a9a7a,436,1,304.0
5d828a24-70b8-4a81-8018-3b3b1a3bb4cf,437,1,2060.0
a907e92b-da60-4886-af64-92c7146357b5,438,1,1476.0
66619fea-5f54-43ed-ba68-fcbf4a53872e,439,1,1532.0
9bdfd75a-1b04-470c-9f3b-a34d956dbbef,440,0,0.0
6d52effa-2e33-49e9-8ce2-57f7df38735a,441,1,1640.0
6a8a0628-215a-4c57-8120-bd634eef77e2,442,1,273.0
474902ad-eb36-4a43-8701-162979481028,443,1,1974.0
45c5ea4e-4d43-4fbc-95d7-c41d6fa34572,444,1,2508.0
3618cd78-8529-4769-b7f2-892acd20be8b,445,1,4092.0
4925d4c0-0362-44e4-b6b7-905cc923d612,446,0,0.0
d6a539b0-590f-4818-98dc-17f4f2b2fb94,447,1,2580.0
9b4ac41b-687a-4d61-980e-405339e8c994,448,1,3930.0
29783ead-08b4-45ad-932d-14a90875308e,449,1,5192.0
e82d2a76-1038-4b41-84ff-1b304dca45c9,450,1,2288.0
1c40dd3a-10ac-4839-b9c8-bb6e7b9ded58,451,1,3584.0
cdc04de5-2b07-425d-869b-4958d57be393,452,1,1677.0
97ca33e8-9374-45e8-a5de-404f6061de6d,453,1,6747.0
9c4ac9a2-773a-4b55-9984-23a591a5dbc3,454,1,3444.0
cdbdd6d4-14a1-4891-83ef-d1c480f51953,455,1,4189.0
38503390-87ee-42ca-a78d-68c38f33072a,456,1,3712.0
4b3c46c5-17f3-4d21-bf3a-7647a0609d4e,457,1,6289.0
8a94b096-9376-4375-84f5-2598ce525082,458,1,3904.0
3a8718ed-735b-49d7-b8b3-671f940d2d00,459,1,3696.0
c8a7b6ba-2011-444f-9177-2f415e81f7b3,460,1,7697.0
f1d14dc4-be21-4c1d-91c8-fb845eb9a345,461,1,4634.0
26fe5ee1-86c9-4069-9387-77371b5d3a93,462,1,3214.0
0a7f3709-110e-4dd3-b175-1c42bdf55d86,463,1,1722.0
acbbf1f4-1956-4514-9422-346115714779,464,1,6184.0
da0630d8-b85b-42f4-9508-bc85f4d29e8e,465,0,0.0
9856ff3a-312b-4011-b120-41f21ab5d47f,466,1,4268.0
0d757ad0-f72a-4a32-833c-a2ed76e6c0c6,467,1,1692.0
0cb98cc7-b5b8-4338-abae-40e9171f2f41,468,1,3479.0
997368d5-12b1-455a-9245-b1606a33a996,469,1,1599.0
9c7b1300-a854-41d7-8aac-d608ce004861,470,1,1848.0
9fba5201-e716-4908-97ee-16431e28bfd0,471,1,1845.0
6b67a8d2-4750-4e15-b8bc-c1d739ad15a7,472,1,5025.0
db375d15-056f-4c0c-85e9-a38e393f3691,473,0,0.0
3327a1d0-7da3-4a75-aa61-a1ce3ce07aa2,474,1,270.0
a848cff5-d6a2-4914-97fc-0a97cbf02b36,475,0,0.0
72e0c918-d905-4182-8800-7db4c3094918,476,1,1044.0
1b1cc4c1-db16-45de-9021-ed21459b9586,477,1,895.0
8683e82c-ee63-4055-9687-901a98cef1d4,478,0,0.0
1240db58-76d7-4f1b-b4d6-2097b7dfad1c,479,1,2322.0
5b43601f-e4d3-4015-94d2-fd5733d10ccb,480,1,2173.0
1ddf0f56-5a0f-441b-b079-670c7ad96636,481,0,0.0
63828534-10ac-4127-8f12-3d714cb02883,482,1,126.0
426e4bec-786f-45a1-8d37-4d3a961ae43f,483,1,437.0
0a502a95-c214-4a14-817d-84d9c4f6a1c9,484,0,0.0
4ebf0397-7450-44f3-8c8e-cfa8e05f4479,485,1,5084.0
37eee31b-4a55-474b-8fdb-886471216307,486,0,0.0
3e796b32-f803-47d0-b59c-2bc20daa0fdb,487,0,0.0
f5788482-962d-4fd1-9013-69d855855f28,488,1,357.0
68c1ecd2-67bd-404b-aaba-1a4036b18e53,489,1,2596.0
df2fa2f6-d645-4b2a-ba6e-b318fc95b5ee,490,1,7008.0
3873f44c-4107-46fd-8658-6a82cd9a0ebe,491,0,0.0
58ba6e65-0032-45f5-9b15-848406ddb077,492,1,3498.0
ada175ba-eadc-4a14-a45d-357a083e6b1e,493,1,3172.0
e186821d-cf1a-45d4-bf85-589e363ec9c1,494,1,5401.0
55fec1ca-9600-4cbd-b840-31986f777852,495,1,3599.0
4a6bd2a6-e1cd-467e-94bf-91fdcece2402,496,1,2496.0
bfe525ef-d05b-4c29-b583-9cee94938694,497,1,13893.0
e461e810-431d-4939-b8de-ca9159d0a43e,498,1,598.0
efc8878a-4079-484c-b8e6-cc6e427815e1,499,1,6222.0
d4abe0df-1056-4ed2-a096-6b81aa94e07d,500,1,5934.0
86319bc4-d769-493d-9682-400ea0ee9b79,501,1,6878.0
0d86e360-e13f-45dc-9df4-7ca4ecb78965,502,1,2193.0
066e9562-b7a7-4bfb-b0fa-840c2a7d2e6c,503,1,7295.0
d65d4c91-0c42-42a2-a697-1f3cc73e4a86,504,1,3328.0
d9e06b54-ae8a-4260-9190-faa1e52de360,505,1,7098.0
d521bab3-f215-4a0e-80cd-edede40aed53,506,1,3466.0
e8ef34c4-084c-4493-9f26-a7325a1bba8d,507,1,6779.0
dd6bcdea-9a31-47d5-b7f9-b649e5ca3bbb,508,1,6680.0
c475d2f3-7e78-4bc2-8b8e-2c092c52f771,509,1,6874.0
aa2e9411-48f4-4a28-a173-33a4ac609627,510,1,9540.0
58c9ee61-3fd3-4e10-bf47-8902621b3aa3,511,1,7599.0
7f980463-610a-49eb-acde-5a03b89ca7f1,512,1,6145.0
304cb152-233f-4a03-89a3-bd0951ad9b00,513,1,7082.0
62b8431c-9e8f-4e24-83b0-0847d18e107f,514,1,7236.0
f955570d-ba81-494a-8dc4-859e3d170f6b,515,1,3340.0
376ba347-d05d-4ba8-9557-7880f32d748c,516,1,5074.0
16b278fb-5d3b-4887-b7d2-32928a7430cb,517,1,6952.0
d19901cf-08d7-4b10-ba0b-22a10e80f5f4,518,1,7672.0
5fa145bb-124b-4757-81d9-af468fbbbc5c,519,1,4662.0
b1dedcd7-280d-4c7c-b1c0-62358345d17c,520,1,3312.0
00e39454-fc1a-4084-8d8b-c073268fb73e,521,1,7152.0
a40c29ba-7ef7-43e7-acc5-9822c62e3b19,522,1,5251.0
58bfd2eb-a91d-4092-a08f-5367b92eaf10,523,1,3185.0
fee2002f-f53c-4778-9ac7-fcc65b70ac0f,524,1,4340.0
4225747c-adf0-4531-bea5-dcfd00f0315c,525,1,3659.0
624a3e2b-640b-4215-86e1-b1e63b1719ed,526,1,1272.0
5c7804ed-f5b2-4daa-bb79-b7a94470dbaa,527,1,234.0
1730f42a-43f8-422e-8b20-79ab38109572,528,1,3540.0
b4538e32-1d5e-4ece-a736-acb429518262,529,1,8201.0
7e019edc-cfe8-44b1-bf4e-0d0b28111b96,530,1,3648.0
b64e9f0c-fc9f-4977-96d0-9496bfc05e5b,531,1,3968.0
75b5081d-c11a-46a0-a1cc-831ebe483f7e,532,0,0.0
b0cfdac4-7d58-474a-9887-90b20ca9bdf7,533,1,6775.0
19beb76b-c7a3-441f-807c-f8a30b7eafda,534,1,3136.0
02a747b9-c132-4233-b808-3f093f2ead71,535,1,4836.0
10cd67e3-6542-495c-a411-93c388168b93,536,1,3596.0
1a0b9d6d-6458-4e46-b63e-7a62b0cae72d,537,1,8298.0
8a1ab4f8-d672-44d4-90f7-d7a44b3871ba,538,1,2322.0
37ace00e-1653-4a18-8e69-25d3ee423333,539,1,3051.0
cd4c7253-6535-459c-ac6f-26a4ba1b2bf7,540,1,2482.0
0e14b445-e8a7-4445-b4ae-0011758b9f28,541,0,0.0
3d581e23-15f9-4155-ac4a-bb50bdc0dba3,542,1,2242.0
cd139a5b-0248-4bca-b7ba-084ab95bc357,543,1,2623.0
28e16a2f-9e21-4b2a-a861-5929cc2cd7de,544,1,1974.0
42a04158-5752-429f-9e4c-f3be35978ba0,545,1,1845.0
06ffd73d-edd5-47c8-b077-2e773d892ca9,546,1,3240.0
75c7ff88-7ce2-4af6-9c6e-027ce685d93c,547,0,0.0
89deb4c3-61e8-4dfa-91b5-77ef38c8b295,548,0,0.0
b882fc8d-7ce0-4f58-b188-c889ad533cb8,549,1,1476.0
68a0db20-e4b7-462f-8de3-2a4595960c7c,550,1,1692.0
f2246ed7-c560-4cd8-a1b2-892584960dd9,551,0,0.0
2c0ac75f-2c17-4f3c-b6d1-caa0a7f6ac47,552,1,437.0
9b0ad83d-15ca-4dab-916b-610927d7a270,553,1,702.0
5ce97e19-ceed-4191-9ce9-612332e6a572,554,0,0.0
5e5decf2-ee78-499f-8a32-e269a27054a5,555,1,3201.0
a2f0ebce-f39a-418a-97c0-9a9cb584e3de,556,1,924.0
1fa26616-942a-4d0a-890d-a42db10f8faf,557,1,3674.0
dcfaa361-c2af-41e9-a312-51c11db8fb1b,558,1,4475.0
dfe99dd5-8231-4ae8-8c62-d58fa6b8f05a,559,1,3774.0
96841724-1c00-4c8c-9285-732864a5654b,560,1,4260.0
a64de306-35b4-4e44-912a-e7d1dd2160e0,561,1,2867.0
7184f31e-21d1-42a2-9957-bd1953325c98,562,1,4160.0
4bd4c20a-20a3-468c-bd3c-4bb9f513711c,563,1,3139.0
df46bc9a-d0c4-4be6-92b9-62162f2369f7,564,1,3660.0
45c5d52c-c5ca-47ce-9059-6916f4c03c15,565,1,3965.0
0c0bedaf-24a2-491a-bde5-fdd07714dcde,566,1,3914.0
87527410-0ffe-4ec6-9ae5-40e272e59473,567,1,5688.0
fc0df3ff-6c12-40d0-a2bd-dd6ea2d89768,568,1,4129.0
ee9c6a60-78bd-4d2e-a3dd-fbbe91c08de4,569,1,7622.0
5af9e107-6670-438d-830e-f00e648683b5,570,1,3152.0
3568ec9a-9a6f-45a5-a0b0-318d067146fe,571,1,2478.0
00e5aedd-e240-4115-b888-3f2539cf3c27,572,1,2891.0
e43854cf-64e8-477c-b325-f48a6d3722ea,573,1,4640.0
bb7c1aab-ad7f-4ebe-848b-9f5cbdd28048,574,1,2946.0
b226b6e0-1b66-40da-a355-0606f99e286e,575,1,3434.0
8c3d79fb-ba4a-4ee6-917a-1c3162254c96,576,1,3232.0
6e3c9b67-7b4c-4228-a1be-a56dae0d138f,577,1,3364.0
e5526435-e0dd-4d41-8cef-ae24943db442,578,1,4777.0
2ecfcf97-a1be-439c-98b9-7ba68dbf6d7a,579,1,5541.0
6ee99683-7120-4873-979f-e09a65c8b25f,580,1,6090.0
144165a9-9d10-4cae-896b-18aa82051b35,581,1,6176.0
6a218cc7-70eb-46ba-8214-2f35dcea29a8,582,1,8396.0
9ea515fd-4313-4932-8a91-a698df0a100e,583,1,3218.0
41879312-d039-4a74-ad70-1bc6367574e6,584,1,672.0
7335cb2a-5630-4c68-8970-4fefd3d9e3f7,585,1,1239.0
b8384879-7e7a-44d2-bff4-4de8d50245ad,586,1,3414.0
b940b3f0-7abf-44ae-bf44-a8af979e4496,587,1,2605.0
f89b2982-624a-442c-ae69-0791226cd348,588,1,3948.0
94b7d076-d496-4db5-955e-a0d80269eddd,589,1,2815.0
3a763f94-b1ad-4751-b5e5-2a8e0f234ca9,590,1,3192.0
bda53faa-6a92-4d9e-89a5-f65c9d28ee71,591,1,3072.0
b94a6a56-bc2c-49e5-8379-26d04b7991dd,592,1,3341.0
a4040a77-d8c1-44fc-8811-685318e68639,593,1,2544.0
9ac59a75-d546-4056-b506-a3884af75b23,594,1,8320.0
08a142de-bc0c-45e2-a5a2-6a62a55e0854,595,1,3600.0
ab5d9b0d-6da5-4fe9-aa2a-57ae5effddc4,596,1,360.0
ebd2ed47-3c38-41c2-b5fc-ad6a76ab5f2c,597,1,4350.0
85f98af1-3142-4785-b952-7b27aa5a831b,598,1,4128.0
0dd79c39-7df3-4bc2-b551-8e7a9f90f25c,599,1,3608.0
5a5abf6c-2550-4a3f-8950-d1eb08171c6f,600,1,450.0
7993b70e-1ba2-446c-8b4c-42740e18d214,601,1,5325.0
724ceaf3-d7b6-46f0-8288-8f1e2c33dc24,602,1,2282.0
5cd736a1-2270-4d43-913b-8a4f4a1178e5,603,1,1818.0
ef10b0fc-07b1-4052-898f-778c282d197a,604,1,3104.0
04a25594-35d1-4f67-9d27-ae4cb8482d6c,605,1,5481.0
68cbae46-4ec7-4765-947a-2c8b47c818c3,606,1,4095.0
299b8057-39b9-4bf2-940d-6069f4141405,607,1,7032.0
2d89c907-fabe-4ab8-897a-f5c8d38535a8,608,1,4962.0
d3f04d26-86ac-4d24-9969-663d79baaf71,609,1,5272.0
26dabe14-b552-4d2c-93a9-d115b10053f6,610,1,1778.0
b32e76d8-098a-4579-a0d8-35903f476329,611,1,3114.0
f1c86ba2-0210-4056-bd7e-cd7135379ef6,612,1,630.0
83988b00-2b5b-4c90-bfa2-ddd090ebb197,613,1,5508.0
49bc3194-425c-4796-983d-f6134466c052,614,1,7338.0
c0d2d39b-b64c-49fc-b47a-77cdcb6cbb2a,615,1,3042.0
f8df532a-275e-4e46-8ad6-412543960ec9,616,1,2463.0
11f8820f-83d5-4560-b09c-4139f5ae7804,617,1,6935.0
cb133665-4d75-48d6-8815-f082aeaa680d,618,1,7925.0
d7b46330-cc18-4b1d-a6f2-ecc0947937d8,619,1,5808.0
0196846e-95cf-4613-88ea-44905a7a3627,620,1,8731.0
3228c7e7-143b-4bc3-89aa-b95e58faf80f,621,1,7937.0
24fc8c02-103f-46c3-a3bd-0c802e347b85,622,1,6596.0
fe3191da-f8f1-43f0-9d02-a4f839b179e7,623,1,4154.0
d101c90d-a1c2-4d65-8754-10cf88da510e,624,1,7073.0
1a53b584-1a7e-467d-b596-a3882d9ee4e8,625,1,5587.0
5bf74832-a67f-4ee3-93b4-9f0e75c6f131,626,1,2984.0
d752535c-b169-4e87-8c14-77d3b06a757c,627,1,9125.0
1bd35587-3dd3-4f7a-a5af-0e6f95d78e8a,628,1,9133.0
35285ab8-05d3-496f-a836-3b96177f0d68,629,1,11496.0
27ef4894-b6bf-4d7f-ad5a-d6ada88cf7b7,630,1,8190.0
ed4f7757-36da-4e0d-82cb-240bad94b410,631,1,13789.0
8b4f2783-d5be-4f1d-bb5a-7cc6484e685b,632,1,10795.0
04a4f240-50e6-46d3-8353-8f4bd336e76d,633,1,13185.0
5ec6ae76-f3b3-4200-8dea-9b94915393f6,634,1,8090.0
9a038469-ddb0-4f1c-9e47-a643294e6794,635,1,5444.0
c90bf774-115f-4d15-8251-eebb4b2698d3,636,1,6651.0
d2b9ec27-d9d6-4d44-9034-db885e802afb,637,1,4248.0
9e316252-8d8d-40e2-8297-d2e130c6bea9,638,1,5178.0
34e6265a-c603-430f-8ce9-68675de0fc7b,639,1,3202.0
29ed4843-bd29-48d0-b848-62a321b6c602,640,1,3334.0
8ffb0c98-b1b6-4829-8215-bac34f6148b8,641,1,2163.0
741ef610-ea62-4be4-bd4e-57d71c72ee77,642,1,3632.0
60e95b0a-b634-479d-8b57-4279a25636f4,643,1,2887.0
a66b2aa9-a4a1-4d0b-8018-08943b990d1e,644,1,5747.0
20e5e4a7-9fa6-4e05-9808-ee831db8e073,645,1,3456.0
cf6c1fa2-4e97-431c-9a53-390496651e24,646,1,750.0
e47cd445-bd9b-43c6-90ca-a048761787c1,647,1,2909.0
9d7cf7b8-31dc-4580-97ab-9d9a3f6db7fd,648,1,4514.0
053204fd-40f9-49cd-843f-7214c42e520c,649,1,2304.0
cb16d0fd-9fc2-4d49-b2ec-7f7a964f2a69,650,1,4135.0
70ff5dc1-2276-4f23-95bd-0965d281d825,651,1,3628.0
0af361e8-ad3f-4108-802d-86db9f8dea5c,652,1,1008.0
9059aa7e-c023-4a5d-84e6-e77379b76141,653,1,4776.0
37d063f1-82f6-4884-9e01-3b14af947cc1,654,1,3240.0
422dcb67-3f83-4928-b3d6-b1043da96d0c,655,1,1260.0
fd44522d-d9d7-4010-91f6-76f8a56a5bc7,656,1,3432.0
4c50815a-60f8-4ef4-a2a1-b0b6cf7a7039,657,1,6671.0
61711cfe-c384-437f-b97a-aa48db2f9ff8,658,1,3110.0
1d105851-bcc6-47ec-b2ec-88ece1cb15e8,659,1,6775.0
1647f5dd-a3d8-4092-b619-0b0521e31795,660,1,3857.0
c8ddc9e9-7270-4c0e-a954-72c745256f78,661,1,1254.0
2d34c89b-3857-4f4c-95d1-e6c17a30bbe4,662,1,1295.0
85903e78-ac99-4cde-bd1a-476b40618b59,663,1,1612.0
d61fd207-e682-432d-8cdb-1dea0a340be8,664,1,4248.0
effa97b5-53c0-4d21-8b62-4a739928d1ad,665,1,1080.0
aed41ebb-293c-46be-9f3e-69708620308b,666,1,1276.0
358e22c9-1caf-4eb6-b264-5d824e9fea37,667,1,49418.0
97665282-edc6-4858-81c7-c98440c13415,668,0,0.0
0c5b9a5d-6cb6-4c10-b9db-16c6fed958f5,669,0,0.0
df1b9531-16f2-4b12-aba4-4a357ad23b4a,670,0,0.0
36ee121a-4d12-4701-a30d-5c748a485489,671,1,79019.0
8ccfad40-d9b0-4dca-9f76-a218211452b2,672,1,3392.0
1bd2e042-0305-4bb2-beba-09c30d4bcf84,673,1,54540.0
bfc11313-a9a9-442b-b0bb-5c1e5590a450,674,1,46649.0
78af9efe-eda1-4ece-b313-1710bab85300,675,1,47289.0
4ae83bbf-c2c9-4f86-9ec2-6a2d9a3c538a,676,1,1302.0
612d437e-09a4-463f-ae9c-2cca36c461a4,677,1,420.0
0a072dd2-67d2-44a2-b7d9-68d6c60a4a67,678,0,0.0
7af5472e-75bc-42f4-8fa9-d9282198d2ed,679,1,729.0
bc4d1ec5-1baa-4094-a691-c70a0b81296f,680,0,0.0
71ec5e36-f5e8-42a0-bb24-b2892097700c,681,1,1426.0
7d1eb250-b729-4392-821a-06355de4ef93,682,0,0.0
e6b0465b-691a-4e2f-8abd-ac6d0704a255,683,0,0.0
acd0998f-91a2-4fd8-b6e4-57361244efd2,684,1,336.0
815ce924-8a30-4207-b6a3-134976a53005,685,0,0.0
12c3a19f-3421-404c-b7a6-92714cffebb9,686,0,0.0
53e48003-b227-419c-8c33-9c7bfbaf6cc5,687,1,7863.0
941d1c6f-3e49-43cb-8912-d41f7805bd15,688,0,0.0
cfccb601-0c4c-4704-bef6-5ee2fbd180a5,689,0,0.0
4610d2f6-d934-423a-b960-9e130e468b2e,690,1,112.0
a454c584-e769-4a84-a5af-8e49367af742,691,1,1395.0
e0468e1f-1453-438b-ba31-e6c827690ad8,692,1,2820.0
a7d82d49-2c0c-46dc-8411-96cf209a78c1,693,1,2067.0
724fa38d-00fe-4c47-9625-dc173d4a5690,694,1,3878.0
29a812d0-8765-4aa4-ad42-8fb8ed161c53,695,1,182.0
9d7cfadd-2dea-4b93-b425-69d74d4697c8,696,0,0.0
35fd1e86-b55b-4a52-a641-4ee566deded6,697,1,2751.0
9ce63294-2e8e-4cef-9679-c68a729a998d,698,1,252.0
1601d899-a3df-4cd5-87ba-37541923414e,699,1,3310.0
452adbf9-a988-40b5-8f76-65dff29f0984,700,1,2444.0
fcd3a295-2801-4d14-8fbd-b24242bd06e0,701,1,8092.0
05465ece-23b8-4512-abce-5900488914b1,702,1,3360.0
69006cd9-b8c6-4887-8d24-fdd11c2b74bc,703,1,9011.0
c6abd233-dfe6-4c20-9ed8-4faec7fcc3e7,704,1,3327.0
2bfbef71-3669-4201-b433-68851166fca2,705,1,3752.0
a98e0510-0a64-4c6c-83e2-b0be4aa3580e,706,1,3481.0
779a74c7-2688-4a2c-8b26-f9a039105540,707,1,5824.0
261da468-87b9-4240-a5c3-1409ddc0985c,708,1,4088.0
9296f0f7-e222-49a6-9af5-d82d705008bd,709,1,7365.0
8e4e6195-b0f4-434c-8131-026b9c11b35f,710,1,3965.0
3255c971-57ba-4876-9158-22a6a9ddec57,711,1,6001.0
2d308540-c67d-42bb-bce5-d264b4a16c9d,712,1,6032.0
2e1da836-12de-4ffe-8ed3-a59784b0b555,713,1,6892.0
87bf2609-ce91-48a8-9a0f-a6811e8e11a1,714,1,7211.0
adebb177-6f4b-4531-8895-81d6da321679,715,1,4674.0
75fe23be-63e1-4243-80a4-7b201f30e3dd,716,1,2028.0
88782b06-cd3f-48c0-ba2b-1537bf8701b8,717,0,0.0
de2b96eb-4afc-4c95-911a-8613c9ae0b33,718,1,3657.0
b27a5664-f8d4-4638-aef2-a60252dfeff2,719,0,0.0
1e082e9f-0c1e-454d-83bd-38ec43715bc1,720,1,2153.0
c3ba7420-a0d2-459c-a5d5-d529350a72c6,721,0,0.0
5141cf38-fcc6-4a29-a0b1-598984bb4c8a,722,0,0.0
6d292d60-229a-497a-80ee-5884c2fcc37b,723,1,999.0
76f179bc-a3ac-46eb-a4b4-cc00ea0a0b62,724,0,0.0
e6e23845-8dd9-408e-bc6b-483a54f610e8,725,1,6892.0
0ed61eee-2cb4-4d3d-9f42-e2965bdd3506,726,1,4925.0
9cd8087b-7b85-4db5-b08e-5a6717408db3,727,1,3538.0
d5e7ec75-06fa-4fd7-96c9-4be3d563207d,728,0,0.0
3afabb5b-05bb-4485-b999-e813d2cd5fc5,729,1,5358.0
2557ba9e-d1d1-434c-aa1b-f3aa0d57c8c4,730,1,2218.0
44b8ad14-13e5-443f-95a5-b140dbbab5fa,731,1,299.0
50312296-c48d-42b0-8607-cf556efd71ff,732,1,306.0
110ae87b-9502-4be4-af11-e79b011e3adf,733,1,1453.0
ea1b3723-a479-48f9-84cd-3f2e6bb5e4ff,734,1,806.0
171d1833-ccfa-47a1-82e5-fd1e4ff6b489,735,0,0.0
56be4609-9952-41af-96a3-c8f7b51f7a34,736,1,2352.0
35986e07-fe13-4b9a-9bec-71bce047456d,737,1,8568.0
7e914a74-38ec-4c5a-a8b4-a1f4d2ad6885,738,1,1221.0
02072416-b679-4cd6-adbf-1927306893ca,739,1,5480.0
73f1cb18-404d-40de-9973-19184aca37a2,740,1,2027.0
6e7c3ae1-bb5f-4a60-8529-0b0725655c11,741,1,6522.0
e8ad7b3c-7685-490c-8b64-3e3fb1c2c3f7,742,1,1344.0
1e1182f2-71bb-4be5-bc69-9e684399759f,743,1,9079.0
7ede3feb-e158-4bac-8b51-898ea1199089,744,1,5022.0
5cc833e2-8947-4e0d-9af9-c46592f2d3a1,745,1,4822.0
6bea76bb-a4b8-4663-b39d-6f596eba9371,746,1,5775.0
00fc667d-ccba-4f33-b033-35f55407eec2,747,1,9544.0
044fe1b7-106a-474b-915c-78121db49558,748,1,13625.0
7ad432f9-b561-4653-b19e-572a664e4219,749,1,12251.0
749bc658-d113-4010-9f8f-7df9759e2885,750,1,1323.0
d03e0c03-a844-42f8-88f5-69a734d78f84,751,1,16844.0
5fd248de-b576-422a-a316-1cebbed85fb2,752,1,26775.0
04e8939d-e976-4655-a029-02ebb5192207,753,1,18630.0
d0f5bf3e-1719-41a4-b0af-444e475ab779,754,1,7172.0
2141b5a1-b742-4f9e-9f67-2609281db00d,755,1,32835.0
8fe4315b-a428-434d-9940-eeb8448b1e2e,756,1,21049.0
f30b7ee2-7d22-4853-8b80-dbff90be1dcb,757,1,29247.0
92993cb4-2762-4372-92b1-cb9bbdcc8ab4,758,1,11112.0
687bc6c6-6ff7-45c9-9e2e-eb20e4ceab99,759,1,19385.0
f8f0b1df-25c3-4fec-ab54-321aba95e7cf,760,1,7397.0
fe6fb378-8402-4717-ab2b-5962a99c38a1,761,1,67951.0
d16964e1-48b5-49f9-838f-3acd203cbdf7,762,1,18911.0
ed7dfc2e-3901-4605-aeed-313a38591582,763,1,32210.0
153eb4aa-1d72-4921-b4b6-8df1865764ab,764,1,34151.0
0cf76112-e032-440f-8573-aa3c3ba61cf8,765,1,4824.0
dae18d07-2a21-4a79-9e59-8d9b59174399,766,1,44082.0
92040f37-78bb-4663-ab58-f7a8b5d7b888,767,1,60111.0
08841fce-f407-41dd-9754-4902ce5b2160,768,1,35618.0
64064dbe-901a-4b98-86b9-1043f3e9254f,769,1,55384.0
2fddbc60-0b2d-4cb0-b2bd-38644ebb57a4,770,1,7399.0
d411b5e1-70d5-4203-97a7-cb407c666041,771,1,60791.0
1bda3d9d-cd1b-4fb3-bead-93aa77823734,772,1,43691.0
1b2d0e6f-20dd-4d2c-964f-919c7e1f7f1f,773,1,19302.0
02e8df97-a657-4518-b660-9acc301a5098,774,1,22943.0
f1af01dc-ed53-4cf4-b5d8-b76e36305cea,775,1,6924.0
e9b0b40a-9f8b-4930-ab8b-16554a7b958c,776,1,62831.0
23d40f53-22f2-4fb4-be56-0007bc6769d8,777,1,65316.0
f16ecdb2-4256-4107-ac01-9e0664a417ac,778,1,22277.0
e8a2fb25-f612-43d5-9de6-16c04c2db61e,779,1,70484.0
4be0a2e5-e243-4583-a2ea-d934281307d6,780,1,13148.0
a9006caf-dcf1-4195-8729-d1876b9a949c,781,1,74786.0
4f52e4a6-055d-4c14-a2d6-115a020cee42,782,1,76090.0
39f7c6bb-1075-4675-9a4a-297e3818c0ad,783,1,70130.0
e992b767-f010-4208-a440-e5368e158fa3,784,1,67628.0
7ff7eada-d81b-4c1a-b650-514c754ae092,785,1,61709.0
fa212b16-9563-4dec-b771-d3df2c02511b,786,1,70231.0
bfe34e37-3b2e-404a-a61e-ad2001d63caf,787,1,67010.0
251336df-a7e4-45c5-b2f2-0601de46e345,788,1,67924.0
e7b50996-cfff-4f6a-b269-75fab7cf8946,789,1,67810.0
2b6fcde7-6dcf-4fc9-9fcf-9d4869023a67,790,1,71614.0
b9601c9e-9f58-4166-8182-e7807273664f,791,1,69860.0
11bca695-347d-41db-9235-7df78c0af7d6,792,1,66432.0
79ae973e-67be-41ad-b16a-e43014776786,793,1,80125.0
65011800-ce9d-40ea-b9d0-3075d7029530,794,1,80296.0
96620a81-51df-4f5b-8f44-d4e40e42f965,795,1,35456.0
bf2548a0-2863-4ae5-b450-7fabe98e7e5c,796,1,73192.0
e5b99340-7b1a-4b7b-bca2-9928d6be7628,797,1,75752.0
1664ef8d-724f-47bd-9fbd-3421a6d0cd6b,798,1,78748.0
595e5e13-0a7d-4571-83a1-9e3d591dcf00,799,1,78565.0
70befdb6-3bb8-40d1-be00-51190ed79d31,800,1,75244.0
0325c717-23b2-4ded-a573-0ccc2ba81876,801,1,76156.0
ec1b38f0-2676-4b87-b4e9-7344e02ccb58,802,1,65178.0
35e2dab2-d66f-4e1f-ae82-19131152d51d,803,1,73493.0
b65907a2-ba23-4548-9d68-0d27b88c1b09,804,1,70520.0
a35a4ac4-2c1c-4afa-bf67-140341847cc0,805,1,91539.0
5f7dbae3-845e-4c26-b82e-657015d16e82,806,1,71148.0
b534fbe2-c7cb-412c-bd8e-e7935987146b,807,1,89708.0
5235a4eb-6786-46ad-a90e-5e82b8ec8fac,808,1,73788.0
0b71dc70-2e98-4b00-8069-34a8fa3193ef,809,1,74926.0
35624d6f-e515-44d7-a765-3d90af0f4b9a,810,1,55922.0
481cb3d6-4d49-4ce4-9a85-90282578a4f0,811,1,75317.0
6a01e433-2980-4e3f-a953-039abfac6455,812,1,72030.0
c7a428a0-4c8b-4bae-95e7-bc2367304e30,813,1,81846.0
d42befd6-69f6-4425-98f6-173f0e77aab9,814,1,75644.0
486d8a02-3809-4438-b536-5dc7a648fe65,815,1,70137.0
42dd74ef-5f12-469a-9784-1f5c47e31db1,816,1,72456.0
73fac7ae-10c8-4ea5-b382-21b9ec717319,817,1,75242.0
b73a09c4-fdeb-4cd7-9d14-ae47862874ff,818,1,73111.0
26588f27-00ba-439c-8ab5-6141e42a0536,819,1,71016.0
77cb7b98-8502-40ce-a567-528736d64e58,820,1,79701.0
b4237d9a-02f8-4cc9-a6be-bda03d3951cf,821,1,68750.0
1992fc7c-d07e-4d2e-b162-0416f3d10424,822,1,80827.0
5872221a-e811-4c64-9518-36f300da572e,823,1,72476.0
4287fa7a-5137-4c40-848e-8756a8d4524d,824,1,66012.0
eea5f612-8088-4ac6-be18-7fe4cde4b3ed,825,1,102467.0
488a66e3-83e0-42a4-86b7-daf0e77b3c6b,826,1,77356.0
82cdf9c1-870c-453c-a51b-499e65b755d3,827,1,67890.0
ff46f7ed-ad68-4b9c-bd04-817139251929,828,1,80033.0
7e8f087c-139d-4928-bd6e-6bfb1730080f,829,1,75726.0
798e2f85-bbd4-4d90-b2c6-8c82508c626d,830,1,84526.0
b4abd85c-a4ec-4919-9709-b8be6210ffbc,831,1,67702.0
9c1baf0b-fedc-4489-8f88-4128ad65ed1f,832,1,68935.0
e4ad5370-3d21-47bf-960f-f6c5f5ca7d57,833,1,70928.0
ab28cfb6-b54a-489b-91b2-f5e1f3290985,834,1,77482.0
8e6c02cb-2b9a-46c7-b8e5-82b65de7cae7,835,1,83895.0
be4c3c44-a025-42df-9522-6082669fd8c3,836,1,70875.0
39ebdf71-89e3-4844-8df8-8c9deb44c769,837,1,76766.0
5705091d-846f-449d-a528-65d6de97bb46,838,1,71488.0
ae6d637d-a6fa-4ec7-bf99-44baad8d8a96,839,1,70576.0
61ee8499-05ac-412f-9a8c-bc9e191b33d2,840,1,62095.0
d4a03da8-9b87-4d68-987d-4b293b80059a,841,1,73611.0
837a37ac-f9a9-4819-b05b-65e7b2fc4933,842,1,68620.0
b73534b0-dbff-4dce-aabb-243b63899329,843,1,80078.0
ae2503ff-a7c6-4bdd-8a0e-292906cca253,844,1,73696.0
d2f2748a-258e-47bb-a5e2-1691dab4f9ec,845,1,78313.0
79f7838c-18b7-4013-a954-461943072d3e,846,1,72269.0
00782995-ffb9-4a26-9f7e-2f229a967541,847,1,72520.0
b5a2d4ed-d368-4714-896b-6b08ee8610b5,848,1,75443.0
3dd2912b-198a-4260-851d-774765304cca,849,1,72660.0
cff6cb0f-cb0c-4298-bd22-a2296a1159d7,850,1,79988.0
3cbd8806-5d3a-4111-91dc-7e72bfcd528f,851,1,72724.0
41b84d48-0f52-4db9-afc7-edf31d00103a,852,1,71364.0
7995d1d9-1be6-4e7e-8543-9ab00ad916ae,853,1,71781.0
152473fb-1f90-46a2-9734-d2028e6e3ca8,854,1,80049.0
ea321a2b-3391-463a-bef7-63a85766df78,855,1,73603.0
a72dfd0b-c405-45b9-962e-2be515ead393,856,1,76162.0
1ae224ad-c1a3-4a80-8fd1-9625bbda8d66,857,1,75359.0
a27844ca-ba67-44df-81ad-1717a0197c5b,858,1,79993.0
3b8a6fbf-d749-43ca-a97f-4d32eaea6d16,859,1,71485.0
4c615a1f-5774-42bb-a106-de229ba5851b,860,1,74607.0
0e4bb4b4-fe06-4921-b354-89f501d2633e,861,1,75289.0
0315cdaa-57c9-431a-8a8a-0a22af271a5f,862,1,71211.0
c8b32e28-301c-45c5-8cd9-3cc4fccaa779,863,1,72510.0
752ef3db-1f8b-4c58-90eb-b258bd47586a,864,1,74182.0
b33ed478-a4d6-4422-821a-26feb5be3913,865,1,74208.0
e532d737-a049-4746-90cb-c32ff33a5446,866,1,73523.0
56a15341-1dc2-47f5-9bb1-30511e1e303a,867,1,73376.0
82c2f212-745c-44ce-968a-a34878a26075,868,1,78491.0
eaa0d22b-1205-44a2-adac-3952a6d02500,869,1,74318.0
e74f4d2b-c513-4a7f-ad6c-fb35c4890478,870,1,68065.0
d0b5fd68-6b35-4974-9b3c-424142b62b06,871,1,67966.0
82b4ef06-05a9-4e3c-9ed3-0c3809190926,872,1,71968.0
da8da46e-fadd-4242-8c10-a6bc0e43853d,873,1,73559.0
eb64520d-637e-4700-b433-875d19891d0f,874,1,74785.0
fb015dcc-c1df-4552-9e4f-2ed13e55e2f9,875,1,72507.0
3a7287d7-d458-4ee6-aa9d-a7494af3972b,876,1,77263.0
05c567bc-76b3-49d0-b539-efaf9655a38b,877,1,74400.0
9b9f7a4d-1b50-4ab2-94bc-218f38e177a6,879,1,74846.0
9dad4dc6-25a4-4759-b649-1056db27aee9,880,1,71460.0
078f46aa-86d2-442f-9e5c-f8b6d03fceab,881,1,69467.0
fdd8204d-4627-47b1-aff0-da9b827466fc,882,1,77238.0
13bb4e24-1c05-4df7-9baa-c24b8e075afb,883,1,72450.0
801ad90a-10f5-4186-8fa1-f394d8a944ee,884,1,77649.0
f9df0ca9-4d76-47be-8ac5-9fecd10022be,885,1,78909.0
ab59f8f7-5f8d-4057-a2e1-57cc68f32f6e,886,1,73289.0
2fabbe7a-6701-43d1-8ceb-bf9d0e662f1c,887,1,75112.0
279ede43-980a-4cd3-a92b-08aa9bf945ab,888,1,76994.0
bfae6d17-4945-4b51-b73e-c5875e797053,889,1,84221.0
85870fb3-7b0b-44af-8b88-6cb5b4734d03,890,1,79476.0
a37d2a5d-848a-49e5-a3fd-f7ecc1e48949,891,1,114092.0
0353a9fc-542a-4c4e-bd30-8f8f865477a5,892,1,106513.0
84599c28-80bb-4846-b505-4d2bb181b617,893,1,78707.0
23e33007-3354-46f5-8c8e-a6dc9a64a782,894,1,74045.0
8623e5bd-1541-4ae1-8117-513e372eff12,895,1,73308.0
5d31a616-7140-4491-9ee6-3964f434616b,896,1,75005.0
9210d31d-a27d-46c6-9ace-bb25226f13bd,897,1,70689.0
485885a3-175e-4c47-afc6-4c060ba4f52c,898,1,79758.0
32704ee9-a7ed-4793-905d-f34d50b4825f,899,1,78641.0
04163978-e53b-40ed-b874-f0f7f4c413e2,900,1,78844.0
951d688b-5b40-4a3e-a400-db2892d4c6c1,901,1,80953.0
d8ae095d-dbe7-42b6-be86-1edb54d006b8,902,1,83287.0
eace3a19-4039-4e62-bfa2-ec75ce326704,903,1,91728.0
a7ec508c-af5c-4554-a0f1-1b55cc0dff6b,904,1,96965.0
4b857269-8d2a-4069-b136-11bf21712f82,905,1,85260.0
15c64838-f0ff-47b4-b588-2a6438b7e4d7,906,1,82525.0
a41fdb30-bf9f-4ff1-8ef4-3af1cda89407,907,1,84977.0
96eb7601-e1e4-4b96-ba20-918ba216f211,908,1,75633.0
37430fec-670d-4fcd-98a8-508dff652fa5,909,1,126884.0
d269a9cf-96c4-4767-87b8-2da0cb447e0a,910,1,138171.0
244942cd-2b3f-4040-84d6-18b8f5f76384,911,1,154794.0
c423a457-131d-4d71-ba06-447a36861dd4,912,1,424111.0
aba7b3a5-0b51-4d6a-a5a1-12871f0cd507,913,1,352339.0
68407b46-11b1-4ade-9218-a69a870b362e,914,1,504540.0
785d4bbb-7eea-4e87-a6fc-fa47c1da6024,915,1,511529.0
77c71c77-df2d-4069-9ba5-b490f78eab3f,916,1,448041.0
72d52703-2138-4ee1-b48b-fd0ee7369cf3,917,1,494505.0
3e4c5455-46fe-4f28-aa09-62345d81b141,918,1,463384.0
6796cbc4-9e93-4cf6-aebb-0a6df4d51c5b,919,1,452735.0
d9748d23-4f3a-41f4-874f-6d7e089e2abd,920,1,487267.0
4d41d560-1a58-4b12-b498-f19cb8cbc52b,921,1,447910.0
4552ebe6-519f-4d5a-8c99-918f3e741d9b,922,1,490791.0
d2051e4a-24e1-414e-a530-8c4120a82e70,923,1,578395.0
3381672b-ba20-48b2-a434-d98fb1e3ae6e,924,1,502472.0
1fe64a6f-e52f-4e59-9a26-cca6a49bcc49,925,1,576286.0
1b00223d-c54d-4438-8a90-441c671eb6b4,926,1,486501.0
c6c7fdad-4e28-43d7-a785-19b1c506e7a0,927,1,492199.0
acca5bac-d0dd-42a0-a31f-f41df2ceae6f,206,1,7191.0
3da690bf-20b1-4130-8558-1f08ccefee07,207,1,2742.0
d8e9e9f5-1759-4ed0-82d2-466e5e46957b,208,1,2694.0
3e5f1a40-36eb-4f8d-bd6c-b3b4852fb7e5,209,1,1872.0
67a52587-61e4-4251-94fa-33e44afa3d00,210,1,1125.0
839667fa-f8cb-47eb-997f-ab6722b1cf15,211,1,1012.0
5b07ec62-9499-4843-8a85-df59aff93f93,212,1,612.0
5fbb9f3c-c3a4-4479-b57f-b0533aea9772,213,1,480.0
709e548e-7079-49ff-adba-766063e33aae,214,1,300.0
8296e6c7-ea07-4714-917d-dd4417ea9a1e,215,1,390.0
affa24db-3a32-419e-b226-b156a2fab6ed,216,1,390.0
811f8425-353a-4737-b50d-ec7764188b3d,217,1,264.0
c5d1279c-c375-43d9-8404-0be0a1767622,218,1,286.0
a48f37c3-2d80-4218-84cd-e982d44d73f7,219,1,299.0
6785eb46-d513-4259-b7e3-0fd316526202,220,0,0.0
0c5b8b87-af8f-4464-8383-c1095b4a4f2a,221,0,0.0
5b366bd7-a914-4eb8-a2ca-a79bf39cd3bc,222,0,0.0
a83bf1c2-d005-4aa8-9b08-0b5b31166ec3,223,0,0.0
96ff0ecd-e67d-4373-98c2-1c821b52545e,224,0,0.0
06d55ee8-9287-425f-bbd8-c4d61fd4f4d9,225,0,0.0
34101004-5410-4556-ac60-93f7e051651c,226,0,0.0
225b4805-7876-4a4f-9513-a94df58275d0,227,0,0.0
326b4249-8baf-4604-9910-203fda97e12e,228,0,0.0
ca64f8b5-c458-4e58-8b52-53d9e88dca42,229,0,0.0
d3157544-ae91-4c5d-90e7-0591d0575c07,230,0,0.0
69a5a4f0-6364-4eee-b5ac-4f7cb21d0f9d,231,0,0.0
2ca8cd3d-e63d-48eb-ab19-2c3cd6411c7d,232,0,0.0
3b28c9b1-2843-4990-909a-34543aea1c58,233,0,0.0
0a2e129f-2a95-48ad-8507-dfbb510af4ac,234,0,0.0
686a60b2-6a1b-4d7d-87a3-0a707522b096,235,0,0.0
75e542e1-c96f-41bb-b259-8ece3f687bf1,236,0,0.0
31c6de03-76e2-4f61-9f91-b0e455d46b7e,237,0,0.0
85d96486-a3d3-4c7d-8295-ce5bdc479228,238,0,0.0
56ccd9fc-4384-4d82-8ca8-28131e18b1db,239,0,0.0
8de8bd40-274d-4c7d-8f4b-f9fa8486be27,240,0,0.0
7f075279-0b51-4de2-8f47-e75ee55595b7,241,0,0.0
c3511305-8683-4ed7-a9d0-5d320417e0db,242,0,0.0
97819710-5802-4846-b27c-4b8fecf72a21,243,0,0.0
c67fa001-3698-4ff2-b585-eab3f03e758d,244,0,0.0
981c2c1f-e3ef-49f9-9d88-0c5cfcf43093,245,0,0.0
fe184c57-1fb9-4934-931f-3147e5f653b6,246,0,0.0
af71fcf0-5310-4e15-b94e-54b708c70cd5,247,1,528.0
2ee25dea-1a69-4458-96b5-0c17b4cf0b15,248,1,437.0
6e583059-80c0-41d7-a935-a48ac68a9feb,249,0,0.0
a90a8832-6c7c-43a6-b901-fa3d9fd5cec7,250,0,0.0
621d955d-d67f-4e9d-9d6d-e7885aeb45dc,251,1,450.0
3cb2d1df-fdc5-443a-9240-92bd3373b1aa,252,1,800.0
bec961b9-afc0-4799-8012-5f1889a20570,253,1,450.0
f0e7f9f4-90ae-404b-a911-c311e5a6c532,254,1,418.0
09f7deaa-23bd-4ccd-bc10-7e57be93a425,255,1,468.0
a6c2d6aa-1385-4ab3-b2a5-879ec840c39b,256,1,522.0
b78bede2-73be-4b75-85a9-a3d9b67a31dc,257,1,600.0
67f04de7-cabe-4f57-ba55-464bd1e902ed,258,1,972.0
c5eb8208-90b5-42fb-a6c7-f27bade915e1,259,1,1560.0
678e8416-ea36-4d42-b58b-4b50de1e3984,260,1,1296.0
f52f448a-2887-4b51-9d69-a32a94dbef7f,261,1,2282.0
41c5816c-466e-4651-97c6-9168518a7818,262,1,1989.0
4ee3201f-aa94-46a0-8de3-6d81f9a80664,263,1,2028.0
8926ef83-83a8-4fc2-8372-1609a4d0789f,264,1,3867.0
407167a1-521d-4e61-a30a-14b1ce312070,265,1,5758.0
b359c1de-d171-4494-9251-1b4986ea1e67,266,1,1872.0
0eef2d36-4f7a-458e-aaf2-ff6d94cd0cb8,267,1,1976.0
a4285834-c632-44f1-8bcd-672d0fea5bb9,268,1,1885.0
606f1952-d045-4350-93b0-bbb14b5bb923,269,1,1782.0
6608bf71-1026-4bd7-95d8-fb4c4a41b011,270,1,2451.0
274457bd-a515-433c-a5ae-88e74442605f,271,1,2268.0
1600b0c5-c0b0-419b-bd5c-82690a6e9c99,301,1,3124.0
337ae739-75d0-4e59-9f71-b8acfaad632e,302,1,4038.0
b4cfc92a-4c75-45de-a712-a1bf3f725d1c,303,1,3735.0
9c543b7d-f0f2-4338-af44-d4d0ab6389ee,304,1,3600.0
321951b4-4296-45dc-9c58-f8add36c107d,305,1,3428.0
d01a6d31-8c9c-4968-96d7-9ae70e86ccfa,306,1,3836.0
a5c8d8d2-9195-4957-afd2-0caa98b7df47,307,1,3544.0
81f1cad9-6d6d-4b3c-8419-5497ce778de6,308,1,3494.0
11685fd7-dd1b-4cd5-91b0-c93cb6ad13a8,309,1,4146.0
8ffc7ee8-1e97-4f0a-b455-80d386a7dec1,310,1,3682.0
1a4986f9-4ecb-473d-87b2-2bba335902cb,311,1,3604.0
8bb9f0eb-4876-42fd-ad37-2d1d0785260b,312,1,3372.0
3aa258b0-92ed-4d04-bca0-5c439edc63ec,313,1,3516.0
90c14eaa-c6c1-4fed-a3a8-04149d7e31ac,314,1,2572.0
eba4ec18-a119-4026-a119-66468b0869b8,315,1,3718.0
9f6723c5-6912-4b7c-8944-9ef5d2536961,316,1,2912.0
d8e55b9b-4ee2-4907-9faf-b93548311f9e,317,1,2650.0
275f4447-c9dc-4161-b771-ce8846ebb23c,318,1,3002.0
48da74f8-413f-4f1b-a93c-cea3989de971,319,1,945.0
1ceb7466-acdc-4a81-a798-c8aa89defab5,320,1,960.0
48fb57f6-a806-4ef8-aa5f-fc6d91b616a4,321,1,2626.0
b9abcf6e-a952-4cfb-a2a6-ef4ed5f87ef6,322,1,1612.0
bca33ec2-699b-45db-964b-62d0c65e28c2,323,1,1926.0
7b3470d7-2c1f-49b3-b4ca-2e6d6645596a,324,1,1378.0
70999b12-56f9-4c6e-b116-3bc8a5d3feaa,325,1,2075.0
d2feb16c-c393-45b2-9a9a-2e7ef9fcf023,326,1,1560.0
92702195-5487-484a-9ed6-cdb219bc0cb0,327,1,1872.0
8abbefc5-bb41-452b-8b07-68022437d52c,328,1,2014.0
24bb1ea6-d146-430a-8138-f3b37240da34,329,1,2649.0
086b93a5-dbd7-44f9-baef-3a90e583abce,330,1,3063.0
26711510-b521-4900-b202-c3d56159f699,331,1,4192.0
907d5a94-ea7c-4d0f-904f-7c10a5c81f8e,332,1,3564.0
0bec73c8-76bf-4f4a-9238-d010d4e85d34,333,1,3852.0
1d9ddd2a-ce84-4432-b8e4-79eb161bcdf8,1,1,438430.0
adccd0b6-7ed5-4d00-a99e-aa62110bb64d,2,1,303743.0
44ce5761-8a01-4871-9c53-f2b77d5f6751,3,1,474784.0
a105e19f-9882-4537-9146-a851d6fdeaae,4,1,404729.0
5a3a2147-8927-4c64-852a-9c6eba5e474d,5,1,331761.0
6900275a-4a18-4015-92b1-5ba12a673c55,6,1,442830.0
25468b5b-47fb-4350-abbb-d82d770ec15f,7,1,445155.0
43952b98-0a51-4036-8e10-b3ea9a1ea790,8,1,409704.0
0eb43ef7-4662-490f-9d49-7c7a898ff6b9,9,1,444214.0
30b4d28c-2fda-4546-a0a6-fbfa000f58cd,10,1,249321.0
7e39d066-20a9-4d65-bf39-0bd49725113c,11,1,249152.0
38ae73d5-187b-443c-8e04-35b5f66120a7,12,1,200425.0
3a5ed626-2ead-4761-bf8d-5b24853b4f64,13,1,212685.0
787a6ec9-94ef-432d-975e-f6bf41c00994,14,1,73135.0
08a14c89-5585-4740-a1b1-73d88691b7a5,15,1,74518.0
a783ba77-7eaf-4cf1-ab62-780b10460f6e,16,1,25505.0
c5f42229-1eea-453b-9c2c-63388697950c,17,1,12247.0
4fb14dba-4e4d-48a4-b000-7d018033bbfe,18,1,1877.0
343baf28-95d1-4b15-90fb-19030dc29e54,19,1,728.0
ec2605be-479c-48bd-bea6-9814f1e69035,20,1,338.0
3d662337-8461-44e4-bdcd-034212d5cebb,21,1,624.0
d2793624-a3d2-4d46-8443-0e4051e6bc64,22,1,312.0
fac5be14-84bb-4ee3-a139-9844b5be6693,23,1,546.0
1a7a4e34-3156-4e74-9de4-9a1710ccfaaa,24,1,848.0
cb84e298-e87a-4b0c-babc-63d65ce9ce81,25,0,0.0
38e6cb0a-da18-4413-b364-b8e64b447777,26,1,525.0
ed338c6d-f403-465b-a278-2ec1dbd38bc9,27,1,450.0
544d14c8-4e74-47ce-9a2d-4f8ca82f8747,28,1,360.0
fa98bef5-045d-4721-bf90-d6c19fdac9e2,29,1,126.0
0b0086b5-4fd4-475e-84f9-2695465012de,30,1,944.0
aefe6ebf-b34b-4f1e-98fa-47be794ddf96,31,0,0.0
bf8eac22-2c31-418f-a6b8-9d2682d93450,32,0,0.0
985d85c4-83fe-4c92-9673-957b00f766f9,33,0,0.0
e5eca4d9-1e7e-4ab6-b0af-e5e7f7f5b585,34,1,144.0
d7ba5749-e6a5-4491-8ddb-45bcec2cd719,35,1,2002.0
5da8fd48-bb85-488e-b224-831a39ede45c,36,0,0.0
abef60ed-658c-46cd-a558-e9ee6fc4a8c1,37,0,0.0
9967f22a-2923-49ad-a003-6fae26be29b1,38,0,0.0
f3d4d3a4-4315-475a-83ee-52dff7d78184,39,0,0.0
e45d7309-3b5e-4cc0-81c6-99fd9cee6ab7,40,1,1619.0
28a37527-6a5f-4e04-8c59-9107a7fa4fa6,41,0,0.0
3ef003a2-18a2-47b2-9d9f-5c824fec1252,42,1,231.0
8643ef31-eea2-4d9f-92a9-7acbcc3ed46a,43,0,0.0
94ba37e2-5d49-4cfb-9284-d017963357ec,44,1,323.0
d4dcc150-eaca-42e0-8a57-19cb18445a04,45,0,0.0
50fec2da-7a5f-4f8f-83c0-6330eae79680,46,1,1020.0
1ddf2e91-d2fe-45a9-8a6d-d6511f04787f,47,0,0.0
cd350d12-c685-4ab3-a8fe-8be050c7735c,48,1,98.0
0da7a26b-01ad-4707-bbdc-58ba8aa542f4,49,1,1370.0
c3e0e8e0-ad3e-423f-85cd-d717835d6f59,50,0,0.0
ddc133af-81ce-41b3-8674-844e94e62ebd,51,1,440.0
9529bd28-e651-4451-aef3-fc3ce6a785d7,52,0,0.0
a79ea8a2-fb5f-414e-adf4-38a623938474,53,1,169.0
a4f11ab1-6f1a-40cb-b909-54270581e039,54,1,524.0
b461b95c-bf97-43a1-8584-4a16b4b9a48d,55,1,322.0
bb9c88eb-e26e-4799-a9c6-5db35d897b9f,56,1,252.0
a8025741-5428-413e-bafa-93e956b0e38e,57,0,0.0
e2ee881e-0833-482e-957b-fb1d34d785d1,58,0,0.0
e424cb82-ffb3-458f-9faf-b635016dcb44,59,0,0.0
c6efc19b-6a13-4838-b21c-066ed3b9ca0d,60,0,0.0
759132b2-5027-45f2-a87f-f6c2fab8fd02,61,1,2327.0
e94ea8db-0524-40b8-8897-d2987ac1be76,62,1,3275.0
3e910bb3-b966-47c2-a1ac-e25f95315a3f,63,1,738.0
9ef0af74-743d-4e38-a060-eadfd548fc60,64,1,1485.0
96a4f88e-b4d1-4447-8727-2a3d3a0d773b,65,1,761.0
48c673b4-faba-42a9-9b7b-d5f28133cc6b,66,0,0.0
2e2823b7-d080-4e64-9dbf-d8e602b66e60,67,0,0.0
c0188dd6-3734-47aa-b700-48f7e47755ea,68,0,0.0
8a9d9c43-44b3-4bc1-91ab-169f3fbb0e96,69,1,1134.0
08c9814b-adea-441b-8321-df9b69181f89,70,1,1169.0
90fc8d15-330f-47f7-aee2-7bde56add438,71,1,287.0
d64de7a3-0a33-48db-921e-9a004d03cfd6,72,0,0.0
6b6ca324-eb75-4a35-b3dd-f58d7e398490,73,0,0.0
b5825062-4cc9-4f0d-abaf-14724281182f,74,1,440.0
cef017e2-176c-4775-88a2-dabb674f8d7a,75,1,377.0
74816676-ecfc-4bf2-a39e-f2294bef9704,76,1,416.0
89d1aed7-2e91-4245-9153-7775232d3eff,77,1,805.0
edf919a5-c684-439c-9546-0aabe203be19,78,1,10802.0
4556eb8e-ff69-4397-82b3-4a662d061d71,79,1,12491.0
b6556ab1-b80b-4ab4-9f7e-506f144593e5,80,1,12833.0
55fab137-b20d-4c08-8c62-4d91444a0014,81,1,12382.0
b0f5d45d-823c-467e-a39a-8738cf0bca98,82,1,17442.0
eb19b069-bcb5-474f-a1d8-1626a6ff95bc,83,1,17472.0
e5578fbd-1a50-46ee-94ee-e791d0d5cec5,84,1,13331.0
78201b78-c7e5-4ccf-97e1-553a3ac3d9df,85,1,11932.0
4202a6e8-1700-4971-976d-66e050c47f26,86,1,14383.0
1bfb29ec-60f6-49f4-878c-64e43bd3d51f,87,1,15843.0
db03eb3b-c703-4096-901e-54979031e4f3,88,1,20306.0
d726e8fa-e621-43dd-8f46-7d930fe563f4,89,1,20704.0
5f7245c8-9a54-425b-a760-5d23aa526e1c,90,1,20966.0
9bbba197-b504-4584-95e3-ba416083c98c,91,1,21110.0
e372f432-533a-4a15-82ad-65adac2893ea,92,1,21176.0
6d7945ec-ef5f-4845-a14e-4a81ed67509b,93,1,17663.0
a293181b-67f7-4280-ba02-c1ef23d785ee,94,1,20567.0
3df05c4c-d518-49c8-9868-145c9776c54b,95,1,20983.0
e8aba403-bae6-4ae2-876b-230ba0497340,96,1,19929.0
6a3e4a82-1ad5-45a0-a596-9943f69502d9,97,1,20486.0
9477c188-fd8d-452d-9ddc-58dd4976c895,98,1,19952.0
c17b9460-6161-4c72-9719-5bf04e2c3508,99,1,21181.0
3cbfdec9-1065-4e71-90ac-dfd93da306de,100,1,21114.0
ce4cbf6e-08a8-4c87-91fb-7af1f6530023,101,1,20408.0
e910918f-be38-4afd-b34a-e488e26b0f90,102,1,20264.0
15acc359-cdbc-48c1-8ef0-a5f2c9ec6541,103,1,20604.0
fba88c60-4f23-4415-b389-06d394708de7,104,1,19662.0
ddc1b22f-cb30-4390-abff-285b50b83e87,105,1,20185.0
4c242ae2-5f26-4030-9f1d-f2e79d5776a7,106,1,19286.0
d6d6ec3c-cfc1-467c-87ac-4c0442a3b825,107,1,20188.0
1a0b9b33-4f19-42d3-885f-3559693b1f8a,108,1,21114.0
3b5f470b-032e-42b3-bb87-24d2792cc511,109,1,21900.0
2f4843af-d137-4052-bb90-3085d0e82ae9,110,1,24477.0
1a0bdc27-49db-4f86-9529-8ee15c22e72c,111,1,21510.0
1a45410e-773f-4dea-a610-29aea0b7be23,112,1,28977.0
e2bea766-133a-40ae-a207-2073e5ee360a,113,1,22764.0
3d04c9dc-0e46-48b0-a22e-db562f8690a0,1,1,518250.0
5b2350fe-a15d-4beb-9781-58db0eb448a4,2,1,404279.0
b09ad7c7-faf0-47f7-9e25-4d8334ecd1f4,3,1,467490.0
b24efb0e-b784-42b2-ad2e-91b15e7ecbaa,4,1,405200.0
ab252faa-ec68-4f18-8e20-3bf39a8d229b,5,1,127468.0
edc96498-6b77-4567-99d0-8b6aad2d5928,6,1,140950.0
e1374914-8a80-4f93-99c4-78ebf5ec5321,7,1,99949.0
59e107f5-c67a-41e8-8751-03f8b3164ee6,8,1,18841.0
0e76eff6-d868-484a-a510-2d02de3f198e,9,1,25059.0
7aca6a3d-e52f-44e8-98c7-95faa649d729,11,1,15565.0
62d50210-7ee7-4da7-8e93-45cfce0c455a,12,1,29402.0
c5fb20a7-47e1-4408-a379-e7b6de0d9171,13,1,19466.0
3e0b6397-86e0-452f-83e3-7ceeb0a19e96,14,1,16190.0
a241aa2e-f7fe-43fe-b7e7-f40f2867a1af,15,1,8400.0
6f804484-373f-46fc-8498-dfaf18fa5cc4,16,1,20706.0
9de8f2b4-39c0-4bac-ad16-c5f72c01a183,17,1,9234.0
f852a571-a741-42c5-a440-9cfe9ee6d79f,18,1,13275.0
398295ed-7807-47be-8a71-05465c47e0b7,19,1,28948.0
7f9be051-358c-4631-80d1-0c3710966b7f,20,1,29449.0
69e9db2b-c5e6-45bc-940a-f75eed75d32e,21,1,18669.0
3a80cb2d-0048-42b4-b570-e55c0bf5cf3e,22,1,33326.0
4c7003b9-5751-497e-8dec-bd2a18e7fbc2,23,1,17958.0
21ea256f-bb0e-4727-903a-3454789f6866,24,1,38191.0
6e185294-804a-4bad-8a0d-e038dc6e8ba4,25,1,27020.0
6bd703bb-d626-49c3-b121-61a29c5de243,26,1,24856.0
1454dfba-31cd-4576-b332-0c57e60f28e9,27,1,29889.0
d0e321eb-80a4-4a3b-8aa9-64fe28427c6c,28,1,39130.0
36ae5e05-bb52-4e49-bbab-dd528f5ecd04,29,1,33512.0
9a496f6b-69b4-40ac-ac16-5b2e6ccd5084,30,1,30778.0
bf4ac900-4b8e-4c6c-bbcd-6df33a6ac9f3,31,1,30594.0
7a5104fd-f9aa-4c55-b658-40c14933df26,32,1,27066.0
8c28f10e-ff48-4586-9eab-67f26136619e,33,1,27102.0
c44960de-36d9-4352-939a-00689d77f48f,34,1,13274.0
1a60b629-2275-424c-a39e-849e16672b8e,35,1,20494.0
882e1df3-d331-421f-af09-cc6c8328793f,36,1,31626.0
d26ef70c-da38-49eb-a323-248ed72d77de,37,1,23376.0
99e04def-7af7-4d9f-824a-9d35ebc00095,38,1,19500.0
828323c0-5603-43b7-98e8-fe9df913272d,39,1,33451.0
12bf874d-a7d5-473b-9af6-acf1675a3de2,40,1,18040.0
eb583868-86b2-44bf-9b93-af44a465a56f,41,1,17089.0
3ac05b1a-5a9d-4450-bdb8-f783ce4d2bb9,42,1,34137.0
cc1b21b7-5199-45fa-b276-c72881ebc4cc,43,1,33520.0
1853d43f-7280-49c1-95e8-45da65bcf818,44,1,16831.0
4184568b-b220-4b0a-bf56-ec2a6d298160,45,1,26766.0
7de4c4aa-d80a-4aa9-9eeb-7506cf7a4bf9,46,1,42825.0
1d3cbaac-91f1-426a-850d-0297a1e4b51d,47,1,49328.0
df0025e6-29db-4b6b-b1f3-5195a0c35fb5,48,1,48535.0
3fb1ac2c-6882-4248-abb2-d3555dbc0cfd,49,1,36063.0
501d9e7b-0e3c-4299-960e-020ca4aa446e,50,1,37178.0
33dc9f71-be18-484a-93b5-938a6a72b880,51,1,33107.0
078507a1-92cf-4e34-9338-75bcd07a7247,52,1,39747.0
01f6ef80-a752-47b6-b390-8b5f3eb44a49,53,1,29254.0
e27c0ab0-0d52-498f-be15-70d7dd729cdb,54,1,41943.0
771aeae7-a9fb-45ce-9bb3-8c43c3458c2b,55,1,30965.0
7afed1fc-d3c1-43f8-85c2-e5e961687290,56,1,41986.0
d6062a96-8965-49df-8c7a-fe7d2103d6e3,57,1,21372.0
0a750206-d13f-41df-8b46-751c6e7dd95b,58,1,29626.0
b7514237-b3c8-440b-aae6-823249f836f2,59,1,14665.0
d838a0b6-c52d-473c-8429-9ed175950c25,60,1,31245.0
798d3e59-06a7-453d-89dc-258cce349eab,61,1,9498.0
8bce479d-3475-42d6-b203-342f91ab753b,62,1,17206.0
9ae13375-76b0-442b-8a4c-b14264b7c8cc,63,1,9820.0
86bd39d7-c802-4b46-babc-2c2e6f89d845,64,1,572.0
0a889dd9-f432-421c-bb13-60c22d20da27,65,1,8415.0
5478e580-16a8-4ee5-be35-68697ab7205e,66,1,3553.0
7e0a259c-fa6a-419c-9d71-adbf2893c7df,67,1,2541.0
7154349b-39cd-46a6-b7ba-96b1bb20e577,68,1,8356.0
2dc694f1-0f31-419d-9d2e-18c7c840015a,69,1,8130.0
b5518103-a22b-4510-ad02-6a1609302946,70,1,13030.0
c524fe83-b768-4d55-aa11-4cfb679aabad,71,1,13668.0
2ff2e3f1-7e14-44ec-aa16-50f85cb254ef,72,0,0.0
de79ab58-37b4-428a-aa19-1aa1fbf6e24c,73,1,550.0
46806042-539c-4739-813e-c70d68e975f9,74,1,260.0
3906cccf-c8f2-462e-80a9-44849412b967,75,1,9396.0
ed73bea4-f300-4dae-8278-862ac6824117,76,1,6707.0
3261cc0e-019b-495e-a053-e098be394fd7,77,1,840.0
9a8521fa-ef62-46f1-9177-e81c662aae06,78,1,8986.0
bbb3d5e4-d292-4d65-8c1a-5948cca79b96,79,1,7953.0
676eb66e-f659-4a30-b2a4-7dc239b87edf,80,1,13283.0
70466781-9c43-47dd-b2b3-01b5b5e2f293,81,0,0.0
6a53beb8-5e53-40fc-8cf5-842fe0bbc755,82,0,0.0
9056e841-b358-4db1-b0d2-bcc63500257e,83,0,0.0
32099261-4ed5-46ac-a2bf-a64c8b9e77c6,84,1,6044.0
0e0e21d5-cdfc-40f0-bed2-7074f90b5372,85,0,0.0
d1c36e15-3919-4de6-9659-680656c5a759,86,1,3312.0
76190902-cc51-4747-bd2d-1e46ee66655a,87,1,3277.0
256e61b9-a9c9-42da-9968-642f6559a425,88,0,0.0
c80ace06-e0b1-4f90-af18-f1b130cd37c0,89,1,1596.0
4fd75efa-4467-4afa-baae-a4bec132e0b9,90,1,8525.0
15512951-8b2b-4ce9-bb09-0c9c4c7021df,91,1,2850.0
e2fad05a-af72-4bac-a27a-9f984adc0ade,92,0,0.0
e56669d7-92f2-469a-a410-e30e3140f68c,93,1,3958.0
6f3a7d78-3aec-4e86-b488-b72cce440193,94,0,0.0
871e56a2-e006-4fb8-a4ab-2cb7c52e46af,95,0,0.0
92fe7829-0003-41c8-9cca-7a2cfa7c2dc0,96,1,8164.0
64bedf18-2111-4e9e-a29d-f4ae74ecfe3d,97,0,0.0
fa15d064-cb12-435e-b907-3db51348413d,98,0,0.0
3db6f3cf-e289-4373-9020-4e8415e9c009,99,1,105.0
9b6645b9-712d-4bd3-a49c-07a621beab8d,100,1,987.0
cd2c3f02-047d-417e-bd8e-f6ee6f9533df,101,0,0.0
247f0f43-80e6-4b8f-99e0-73b11b922923,102,0,0.0
93dfad81-953b-45ef-8dd1-4550b8a72627,103,1,7592.0
9d5e782d-61e4-438a-b159-a1820180f17d,104,1,5546.0
acfc57a1-d470-48d5-8484-d9109cdabc1a,105,0,0.0
619bd4bc-9749-4fcc-a5df-6b3f07e204ec,106,1,243.0
da08a830-f7f6-4d1d-9cbb-e10bb806e0b8,107,1,552.0
2549cf17-0847-460e-9bb1-152082247a35,108,0,0.0
7d8d0415-498c-4c92-ae7d-b452a9b3b42e,109,0,0.0
3b200c0d-487e-4948-898d-da690c423c81,110,0,0.0
f41633dc-51ca-4f45-a6ab-19414c5a40a6,111,1,1606.0
d50afb37-2f15-44bf-b9cf-0a41f0a27702,112,1,1040.0
0f410e15-a6e1-45e1-932b-a75eb168aa24,113,0,0.0
463844d7-9f62-4e18-a15c-455975b51fa3,114,1,903.0
da89f5a7-cf11-4ac7-8327-0af6fd0ad41d,115,1,2700.0
a73176e2-c805-4dd8-a517-79ba5098f184,116,1,320.0
4b10c38b-d383-472e-8956-7296c48570ab,117,1,660.0
8b88e404-66d9-47db-b3a9-cd36270c6139,118,0,0.0
7dd870e2-f1d3-4d22-941d-5b4f0818c5d8,119,0,0.0
f468e6e3-c122-4371-ac6e-cf93c118c89a,120,1,224.0
da103da1-af2d-465d-8bc0-9105cced4663,121,1,672.0
0d5acfb6-d169-4eec-b117-fafd96a619d4,122,1,729.0
1b5dc2cf-71a0-4e4b-83c4-1f76b9aa896f,123,0,0.0
84d040e9-df05-408a-b58e-3de8cb8e5c11,124,0,0.0
b47c4704-d46c-455f-aa36-2d0d8662210d,125,1,1960.0
083783ef-bbf9-4a57-88fd-8dedbdabd3b0,126,1,390.0
4dc1e230-77c9-44ee-8080-73a47b04e79b,127,0,0.0
a9cea8ba-b055-4747-b298-78ce2113123b,128,0,0.0
55cdb124-ad21-4bf9-815d-b0606e1845a5,129,0,0.0
99b7f80f-3a4c-43eb-8b1d-9646e3285d7d,130,0,0.0
0faeb1f6-e66d-46a5-8ad2-efe7dccf6ff6,131,1,627.0
ad27fe58-eff6-425a-ba4e-6b836b1df865,132,0,0.0
f15bcf0a-2bdd-40eb-a0bc-bccbd73fa911,133,0,0.0
935396bb-1f49-4e58-960d-1bc97d59f931,134,1,210.0
18107692-b2f4-42c8-83dd-b157c025416d,135,0,0.0
cbc08b1b-6836-4305-8cd6-d49ad9eadc3f,136,1,1170.0
584d1e15-f2f4-42bc-af57-2cb23f6fac73,137,1,120.0
8e4f86c6-c791-450e-a528-7a24f146b154,138,1,11231.0
2de06aea-fec3-4a04-b981-a7d59a460cd6,139,0,0.0
9f87c429-5610-4f4d-a65a-d82aff378399,140,1,6110.0
b278a30e-d0d5-4394-b00e-4cc65c9aa926,141,1,5978.0
3a2eb693-bee4-4d25-a8ad-8d91143fa775,142,1,340.0
8e7f8a7c-4913-497c-9418-c7c5dbf28685,143,1,1350.0
078a27d1-04bf-4b0f-b052-56cbd04b65d0,144,0,0.0
7651bdb8-bfa4-413f-9a46-a816b700a416,145,1,533.0
9b91a38b-57f9-452b-bf30-d778bd18bffe,146,1,1030.0
4132ff4e-4ea3-4055-9311-d7958df899b5,147,0,0.0
efd40da8-fe30-4a88-8b9c-4e8c8ebf2315,148,0,0.0
1bf51dc6-0d6a-4772-a3a3-d00e9e0ca767,149,0,0.0
5037705e-be54-429c-944a-c06ba82c3269,150,0,0.0
f46ad7ff-32d5-4f65-9c8d-67ed37540504,151,0,0.0
8372f53b-98ef-4a7e-b19a-3d63ee15ad1c,152,0,0.0
9d0fc029-3361-4e10-a571-b757b7ae7465,153,0,0.0
a4bf2c84-e28e-4e44-9bef-d6be94cdec91,154,0,0.0
542b1264-082f-4ec5-8b34-7d1f346a71e2,155,1,288.0
1cd09f4c-c66a-4d2b-a1b1-ab69d9c83e6a,156,1,9742.0
09559195-2083-48b3-80e0-5a32d3d712c1,157,0,0.0
a2eb9d76-8611-4422-8e46-b70053472853,158,0,0.0
b14ee668-fa85-4941-ba7d-207c10e58cac,159,1,418.0
e2d35696-1e54-436a-994e-82f416b3767b,160,1,5856.0
5293d088-fdc2-4554-b4ba-23fbba3f913c,161,0,0.0
3aa99888-5583-4c91-889a-dd8da3044773,162,1,2660.0
b80c89db-48c1-4ac1-ba7f-6f6e6de6888b,163,0,0.0
e2892542-3441-4b20-b036-a4279cf56b1a,164,0,0.0
2636f0b3-9b9d-4edc-92d4-f0bc26df7789,165,1,2024.0
cfc8485e-1c4e-4cf7-9558-525d95deddc2,166,1,119.0
5b2b9314-de05-4220-b960-d73cd5b29d70,167,1,2414.0
1bf39e14-a3df-4880-80c0-4d0f475f250f,168,1,1913.0
4cb8eea0-b518-4524-a69c-b30a947c5a50,169,1,2475.0
52ab19f7-e4cc-4891-8351-c735cb54074a,170,0,0.0
5f217f32-6147-4dcf-94e1-d1ae2743678d,171,1,5198.0
b1a9d928-7444-4296-9bec-e4a9b9c334f2,172,1,2680.0
65be8a37-219f-42a0-8be7-37d4e4f6e23f,173,1,2128.0
ce669086-be82-4181-bd0d-5dd59bbf11ae,174,1,2491.0
0a8f9e79-fb54-4c54-8207-6fc9aee22899,175,1,1050.0
9143bb36-16b9-4842-a841-f45b204cd4c0,176,1,2733.0
70925361-0b9a-4f31-b465-b31ce056b90a,177,1,1800.0
7b9d9646-451e-49dd-ad96-a0d96067bc10,178,1,4895.0
50f0ed7f-c4d1-47f0-9a68-44227900b958,179,1,624.0
c201e8ee-1338-4a8f-9b3c-e2fa95847a17,180,0,0.0
2e6a2586-24ba-4ef9-b3cc-54946b79931c,181,1,2030.0
63c64bd3-5d5b-40fa-a27b-af622b1f543b,182,1,493.0
023a77d8-76e9-4774-8045-5b331c7d71a6,183,1,2373.0
ba457f53-cec6-4db1-885e-75d53491bf87,184,1,11170.0
b2227f6a-5622-42c5-b368-9c2d0bddcb75,185,1,1566.0
b829cb99-047b-4b79-9c15-34b198cde79d,186,0,0.0
2f09207a-df73-466c-82a0-b41da9535071,187,1,1122.0
cd06779f-eeab-43c3-b8f7-f976b92bb3d1,188,1,147.0
365f73ad-b1e2-448b-8889-a325e633f31c,189,1,565.0
e1161b7f-92a3-41e9-b96b-443f5c5fc3ef,190,1,294.0
371c36db-909a-4ea9-920d-397ed9bcba7a,191,1,404.0
f708485f-7f89-4692-91ce-4db7fb0062b6,192,1,2409.0
dcbdee70-4a0f-4f53-9645-897512fc1005,193,1,4513.0
03320305-fb3e-4bab-9bbf-215a2608b8a9,194,0,0.0
3648e127-aeed-41b6-8e66-64f32a1beb63,195,1,2070.0
f6ba0ed6-0b7f-455e-9a02-cf125ce2b96b,196,1,679.0
fa3bcfc3-194f-4e4f-8dd5-75f931a69ded,197,1,6468.0
3588006c-c782-477c-a267-c7fcf07ac5ba,198,0,0.0
89a00a11-b0cd-4070-a498-031685192411,199,1,570.0
f074467d-4613-4521-9fac-8878a3fc89df,200,1,8367.0
fb7e0f65-419f-40a7-8d1f-d769920865a0,201,0,0.0
131b95f7-c2d5-4dce-b5f2-82fc44a2c4fe,202,0,0.0
424b0de1-9ca8-4218-9658-0468782052a5,203,0,0.0
4793cb3f-883f-4d5a-a948-1d3d4c124b20,204,0,0.0
5bcdbebd-873e-47c3-931a-d960a08d84cb,205,1,6490.0
9ba6f872-4b4c-4aa5-8886-448e924dbb39,206,1,2059.0
e96c5c5d-1fe0-4063-a410-05bb52db7404,207,1,2890.0
7a65b4be-39f2-4906-8537-a68fd10cdbdd,208,0,0.0
af6a5dda-9f24-49ea-9862-49c81c51acf8,209,0,0.0
b0977cbf-3fc5-4c67-8f00-c09fbe869bb9,210,1,5777.0
1a69f5dd-f4e3-4250-a107-6e1539a47882,211,1,3400.0
ee040f3a-3016-41c8-8c18-9e0f57693f70,212,1,504.0
06c3f397-06cc-4821-97b7-b313693a445f,213,1,442.0
441bc6b0-a714-4799-a479-c5a5b0fbc2b6,214,0,0.0
90b0c943-31f6-4a11-9eba-1a31b7b29d42,215,0,0.0
9a2a8e97-9f2c-4419-9b8e-b1c056865da6,216,0,0.0
c254b42f-f615-4ed8-b7d5-c74a88da3709,217,0,0.0
df63fc4a-ce10-4b75-9800-ef27ea80c90e,218,0,0.0
00a518fc-1301-4358-a4fd-62ccd32ad40d,219,1,810.0
f6513509-9665-4ed0-b7f3-db77d27206ce,220,0,0.0
46a72679-737d-477a-b92e-85349f5c5490,221,1,700.0
8e7d9a9e-0126-4bbb-9abf-241fdae94eb1,222,0,0.0
b77ded3b-c6f5-465b-ae84-2d6bb9c5fcb5,223,1,5838.0
0d28d0d0-9b93-46b3-bfdd-ce955e31c00f,224,1,5264.0
32681be1-4946-4c17-8693-c7325f4240ed,225,0,0.0
c2e18cb1-f42f-4922-9359-2de0a868b8e7,226,0,0.0
ba1a2f51-6562-47b5-91e8-7739fde083c9,227,0,0.0
001e260d-97be-430d-9204-8b1abee74653,228,1,132.0
ee4d007e-47a0-4d4a-af88-cffa965694c8,229,0,0.0
8b7d5a65-8e18-49f3-a214-0ae3cafa6f54,230,1,8847.0
2b1f4bab-5018-442c-996f-36ca5768ff91,231,1,2658.0
a5a5397c-1388-4730-9bcb-bc53e16c9a54,232,1,315.0
6ea9b4d9-614a-4be1-b788-cfd34b01fd59,233,1,468.0
3ff03eb4-6a17-4ede-b964-372e70b0d688,234,1,504.0
827043e5-8366-44a8-94d7-a113d40ecd4f,235,1,784.0
4ffa79b2-bdb9-4e6a-bd70-cc011d5c2053,236,0,0.0
8026c082-f356-48c7-bf74-89fa82012d5f,237,1,5102.0
cb0940a0-5f02-455e-a20f-c64433e3ae88,238,1,719.0
fa413587-4f1b-47d9-a2f5-10d6b9fc1753,239,1,640.0
1f2d1df0-3f8c-461d-b36b-9c37df072d8d,240,1,2632.0
60bde030-f37b-4f75-bde2-0bc1ba94e192,241,0,0.0
f3d026b8-253b-400c-a222-906b21af395b,242,1,3168.0
901a4973-fb78-4941-8701-9d890a1fc07b,243,0,0.0
ae400ab0-8d38-43af-b1d5-41c9af9c3c59,244,1,4182.0
4dafc222-5cda-4f7b-afac-57b8fa968b9e,245,0,0.0
b2c8e09b-6c5c-4529-9339-a7559388905c,246,1,512.0
9db34890-30b8-4656-9cb8-e23624d71c32,247,0,0.0
eb107842-8b24-440f-9268-cbfaae07dfed,248,0,0.0
75c40025-22e8-4d28-a8c4-b3393b3b8d18,249,1,2089.0
03748cd4-fc3b-4566-8efd-876072f4df29,250,1,988.0
c8c57f26-22c5-4f25-b5b9-bc7e43cf249a,251,1,975.0
47457dc4-1430-4123-9dd6-92347b65406d,252,1,3675.0
75968b51-86cf-440f-9045-d628476ced54,253,1,7027.0
f8ea1fb0-1332-4a87-a6e6-4590cf5766af,254,1,805.0
20ddf09b-7700-40d8-a46b-c34e430b304f,255,1,1056.0
f960b3c6-cb71-4f33-b41e-8d9891929a6e,256,1,1026.0
f13abceb-292e-49e5-b0a2-af372f9717e9,257,1,1895.0
4f85c4ff-8937-4857-9538-41448fd260ea,258,1,1164.0
2f160329-149a-4dc3-827b-ab211dfaf43d,259,1,1846.0
2a7b1593-1697-4f9c-a950-744eb3cff1d5,260,1,1344.0
24498f18-e131-4f3e-9295-7200a2ba57b1,261,1,1610.0
04114075-00cf-42ee-abb0-56e1d710441c,262,1,1584.0
b9ee91ae-fba1-4473-8144-0da73a0e6344,263,1,7702.0
093431c2-67c2-4454-949e-0ad3df1b7a2d,264,1,1584.0
6b3bec43-7ede-4146-8b6c-b3dd70dae433,265,1,1620.0
42d5adb2-e636-440d-8d38-d85fc241cf1d,266,1,6372.0
f956965d-780a-4e6d-92e1-09a0345550f1,267,1,1452.0
1db55421-8356-48ad-9d47-0116317e8604,268,1,1026.0
fc26e297-ba13-4ba0-8df0-33e44cfbc2bf,269,1,1665.0
a158bf07-4b38-4d2b-a4da-31c410a64868,270,1,1656.0
cde18022-627b-4791-be0f-51cb55ac5dc3,271,1,7552.0
a8bb47e1-1f62-4e7e-8869-8cb8f9695b21,272,1,805.0
49e56cc4-c922-4847-b918-f828b0efa6de,273,1,1053.0
4fe060dd-e6c7-49b5-857c-c39a11395e91,274,1,1526.0
650772ce-d23b-43ac-be31-0197ace4ee03,275,1,798.0
7ab39e4e-be62-4d36-b5a0-7f2ab5439164,276,1,1287.0
79e1e85c-8326-4fa9-a960-2dbab4fe4022,277,1,861.0
7e82c8bf-00e7-441e-87f7-c12152ea5abc,278,1,720.0
d6931435-4696-48e1-bb68-b614c946c556,279,1,1429.0
72eab44d-35ca-4a26-83eb-53130eee2e6f,280,1,684.0
b921316c-f976-43c5-b13e-5d1337683e60,281,1,720.0
0546c81a-9b61-4ce3-a993-35ec55dd5977,282,1,570.0
8abf0ac8-26b1-4c92-b41c-8f474f135cae,283,1,570.0
83314f27-518b-4bce-9999-ffa238111dcc,284,1,448.0
c3f96bca-38fa-4f60-b2a1-cc301c0dd84e,285,1,2412.0
d9d0a79f-8cff-428a-b618-643c43c54a28,286,0,0.0
8dfcab59-ddbc-40b2-a13c-9704664883ae,287,1,350.0
2a80a611-449b-47f4-8af0-fdaa03ced787,288,1,3001.0
68fcb513-e2be-48fa-92a8-738218c84026,289,1,1152.0
cdb0a310-79d8-4652-beea-12a2dfca3eb4,290,1,1271.0
cd2b38c9-15f9-473c-8cc1-2b6eedfe0977,291,1,686.0
961f57b3-7391-4c46-816c-2f849610125e,292,1,5796.0
f3ebf8cd-5ed1-4583-9f14-ac1bc41eee42,293,1,350.0
0a64200d-31ad-4eba-ab3e-182345c7b9c2,294,0,0.0
8abd3991-f4c4-4e06-893c-af77458167c6,295,0,0.0
61d6e404-0daa-44cc-ae17-a828e9f6fe04,296,1,1769.0
f94da6a2-bfdf-4c60-96f7-e197d5da5bbc,297,0,0.0
ee73ec7c-19e4-4351-ac71-045a2a60599a,298,1,1386.0
b1338bb6-b55d-4a4c-a2fa-f119a9d6526a,299,0,0.0
7c2ea096-3624-49bf-9dc5-64a8dced1824,300,1,10175.0
1a257dcd-7fa6-4adc-891f-a10f6974ef84,301,1,44.0
075ff868-7476-4b99-b05c-d08929660463,302,1,2436.0
caf048f5-919a-4001-b845-5ec662e450c4,303,1,1560.0
1df55a96-2e51-4c92-ba8e-95a48fa67cc2,304,0,0.0
8e08318c-9667-488b-938a-6189c37002d0,305,1,4641.0
102f1ca3-dd7d-4b40-9572-d6a62e6d1e60,306,1,4352.0
88e240d8-72e1-4503-bdb7-991c13e74a7c,307,1,1393.0
55fcde62-d191-4fec-88d5-d8e20c1ab064,308,1,2184.0
8c820883-26a3-4138-8f23-f95ab767783a,309,1,577.0
482363ce-f288-47a4-9161-12861accbbb9,310,0,0.0
f4cc130c-bd9e-45a2-bd0e-48e47f15c57e,311,0,0.0
05a8c70d-20ca-449c-9c9f-68abe0f62445,312,0,0.0
ac103e7c-2a70-4ecd-820b-eed8a2cc6a95,313,1,6935.0
dec32c7f-c6d3-4cb4-9f8e-9ff4c405a653,314,1,513.0
687a07e2-1eb0-4cef-927a-a6c05345f6aa,315,1,736.0
4a406bae-a7dd-4ce0-9c44-d45a340e4339,316,1,7549.0
82a67f35-1e7c-4045-8744-7aa3e13f257a,317,1,925.0
18128733-bc52-4b2b-9c6e-d4a381447c78,318,1,6799.0
48975aa1-31bd-4418-931c-ee0bc4a015d8,319,1,2516.0
6376198c-f788-4737-b055-ed3b6f99ad8f,320,1,3024.0
11f0d34c-8e82-425b-b29f-95935c4f22ac,321,1,3376.0
09f808ac-6084-4192-b979-5893575e3adf,322,1,9527.0
0aa3ba9f-7f03-44cf-935f-d64842bf32c1,323,1,837.0
a7740074-9c60-43d6-ad9e-729b0aa7c780,324,1,868.0
cebc494c-25ce-4f8f-a9b1-14c7a411f506,325,1,6792.0
844c2caf-42d1-4526-bdda-ca16da191344,326,1,675.0
895a4292-f214-4254-b9cd-52a91d790d19,327,1,1150.0
00b344b5-1e3a-4d00-8c44-0f5fd08bd8f2,328,1,1090.0
b578c740-6798-4fb0-a474-e568ed2291a5,329,1,841.0
3a7285b7-a675-430f-99c6-446795dba480,272,1,702.0
799082a2-cd88-45fd-8b0c-da4c8ef5f6d5,273,1,598.0
30cc8f8e-833f-445d-ac23-1874278e8003,274,1,1188.0
b6f7b298-14ed-425e-bb69-523831fe75b5,275,1,1215.0
fc7da0cb-7274-43bb-a86e-f8fea2ead948,276,1,2125.0
e60ddfb4-f2a5-4b1e-b642-5f049aebe38d,277,1,640.0
72217bb5-9edd-4efc-ace1-f9207cbc77b6,278,1,2263.0
979291de-c03d-47ce-a4ce-51246a663223,279,1,1916.0
57a9e656-5f82-443a-a390-e03f05228a57,280,1,1654.0
a5a9658e-6a22-4189-b20f-ba6cabf80737,281,1,1987.0
f05fe37d-60fc-4be9-a771-c2b9bae9f8ce,282,1,3707.0
faf7329a-b641-4397-83a9-db8453e2ccc2,283,1,2029.0
f5421239-5e68-44a7-af7c-8c81ffeaf00c,284,1,2473.0
36bfd689-2009-4ca9-9240-b5c45e0c1615,285,1,2884.0
04a05886-4f4c-4ce4-a842-06fb89991752,286,1,2596.0
3646e9a0-5cd1-4eb0-a29c-ba564c27c12d,287,1,3386.0
33a47e4f-9733-48ca-a477-eb4c7fa1cb99,288,1,2657.0
0e93d0f9-3a43-4fa5-b096-1516af91f706,289,1,2960.0
9c34ad68-bd83-4381-b7e7-4eca49ae6960,290,1,3588.0
8b305c2e-c635-4194-9411-aa9e48b00fe4,291,1,3243.0
01e3b9ec-33b5-4564-8c99-e4161117186f,292,1,3467.0
6fe10ca8-d661-4bab-8cd1-a0ea031690d5,293,1,3255.0
0fde1a19-fa8e-457d-b1a2-615616c48ac3,294,1,2994.0
08751635-45e8-4c56-b860-09ced8e65517,295,1,2205.0
0a807074-5d77-4c78-b572-d4ac3da07c61,296,1,2097.0
bca71b58-246c-4c10-9a74-ea2d49971764,297,1,1785.0
8645b0d7-3627-4192-a930-3becadb942bc,298,1,2136.0
08ef20b0-c8f4-4590-99e6-deda88fc77ab,299,1,1848.0
80c2aa11-a743-4d92-bebe-88148ec5f633,300,1,2916.0
c0d75873-fd91-4e16-8e6d-1c8b3f824885,334,1,3075.0
b54d968f-85b4-4e9a-8949-2295cc8bc810,335,1,3173.0
db7297fb-d578-4063-bf4b-44169032e6bc,336,1,3138.0
6dc2e7d0-c862-4047-afb3-0a5e12610f40,337,1,3381.0
2b384bc4-766c-44a1-b126-2788d4d3792b,338,1,2124.0
73d3d9a6-4a3c-4ac5-a37d-95c030fbc3e2,339,1,1995.0
f3fcdaa4-be86-4117-998c-ff6161badab4,340,1,1798.0
1db730df-5131-49a1-a658-5fdeb667acee,341,1,1995.0
43b2e373-dbae-4388-bb4c-0a91811e12e2,342,1,1881.0
645eeb1f-1b0c-478b-93b4-86cf9acd0418,343,1,1980.0
d1397ac9-9213-4474-9635-d7b9e4f2146e,344,1,2166.0
8b834225-2a05-4858-bd52-e848062b5ea5,345,1,2124.0
9cc7fe3d-e85c-4475-855c-660b87ad5fd3,346,1,1815.0
3838312e-e9d6-45df-a3b0-a6a19810f922,347,1,2183.0
0b7420c4-2a56-4e97-948f-dff878ca5866,348,1,2124.0
c70d000e-e7a1-4b4a-9558-93133668e9f9,349,1,2030.0
681d72f0-1cf7-4882-aac7-42ee58a137e3,350,1,2135.0
80e4d9a1-a543-4f74-adbc-6ffed7d68110,351,1,2318.0
4109a859-358f-4e0f-a0a5-6ac0151c9259,352,1,2220.0
bc46e99f-25f0-455d-bfa6-7d19c01a0ad1,353,1,1914.0
1e1c298e-0ca3-48ef-9d1b-7ef6b702f33e,354,1,2746.0
9b76d1ee-37e7-45f3-a5f2-1c788687f8ba,355,1,2088.0
4c8d6964-57b1-4cc8-a48a-8dfc86a24091,356,1,2109.0
ad56cd20-d736-4bfd-bdab-c82e53cf44a1,357,1,2220.0
472bd6e4-4525-4541-b6c6-9ceeadec6570,358,1,2065.0
940eadbc-5e77-4a9c-a7e3-92f17a3bf89e,359,1,2183.0
1dd813e4-3122-41d0-8d68-274be40b1870,360,1,2160.0
c2e2a9e5-f946-435f-b2f0-95524b211c79,361,1,2552.0
605e1140-2802-4f4b-96bd-eb8755942bb6,362,1,2204.0
e453a460-e46a-4250-97ef-031da697d0a3,363,1,2035.0
b715cc97-ebfa-4aab-b982-01f2369ecf46,364,1,2280.0
a133051f-ec13-404e-ba42-4e8bba2b0b3f,365,1,2640.0
0939c7ae-3efb-4819-a6cf-5a99aa0a3b50,366,1,2623.0
1936846f-efa9-49d1-88e6-ebadb651ffff,367,1,2494.0
e93f2bc3-fe18-46e1-914d-261cb0ae0ec9,368,1,2394.0
7014cda6-7a83-46aa-afdd-530a90b0c0aa,369,1,2088.0
c9650f1b-bc52-4817-a50e-7a35728c2555,370,1,2460.0
7a07806c-a485-4ce3-8aa7-ce2a29f09974,371,1,2880.0
f5eadbaa-a5d9-47fe-a50a-69fb77f31d11,372,1,2035.0
64692c9d-19d8-427b-be78-282511d972fc,373,1,2420.0
4596efef-27ee-4443-85f5-a3ab3e3b7cb3,374,1,3805.0
c0790a24-3407-491c-a801-abbeecfbdfec,375,1,3024.0
7bab00e8-781f-4f54-bee0-72176817ae64,376,1,2394.0
b68e43a0-e371-4980-9259-245297b2f7c2,377,1,2695.0
46b8c3a4-9dea-4521-a856-a98c26a3eccb,378,1,3087.0
d7a7cf18-fe03-4e72-bfc9-932d46db68da,379,1,2950.0
1701ade0-d725-4f27-a03c-9d966c8e42d9,380,1,3660.0
215189b5-75dd-4256-844f-328126fc63fa,381,1,3120.0
666967d9-1f9f-4d17-9ff0-78afa9e85be2,382,1,3012.0
a2e81d64-182d-41f7-8e71-b1802f85fc4d,383,1,2832.0
d25a5aa4-9cea-4e3c-a12d-ae4d0e6bb1d9,384,1,3233.0
2bf38db4-c11b-48d6-8ef2-3919588dd6fd,385,1,2596.0
9d684caf-d9ad-481b-b8a1-f54b1d632702,386,1,2880.0
f1d44954-ade6-49cb-a0b7-41f26cd1d50f,387,1,2726.0
e225a98e-7900-47cd-8330-bb926e60afe2,388,1,3008.0
4b510bf3-b3ee-4b12-a8e0-322fca641ddc,389,1,3008.0
78894f90-4543-4bd9-ad7d-a23119672822,390,1,2940.0
f14b6625-895a-43c0-a140-f57b2fdf8882,391,1,2478.0
0b989911-0df9-43c9-a4dc-3e364a8e0fd8,392,1,3120.0
f7eafd56-df64-480c-8029-333d2a4ef67c,393,1,2806.0
f0ecdeb4-a974-4ec1-85d0-a95d0fe59b44,394,1,3380.0
dbf94572-94c6-47b4-8a78-96581b860123,395,1,3136.0
b42bfd71-e701-4b8b-a1ba-ce8dbdc16b70,396,1,2622.0
80c3c774-b4a0-4da0-a3f9-8359aabdd28b,397,1,3150.0
cd30f5fa-8e66-4b00-b43d-eb56ca4a6263,398,1,2257.0
01d8704e-7533-48fc-8db4-0fec69033de6,399,1,1953.0
4132e949-2694-4c05-b1b3-dca10042141e,400,1,3150.0
394dd4c2-c36f-490b-b69d-004d4eae4453,401,1,2419.0
96a620f4-f51b-458a-a850-d0dcff441e6e,402,1,2961.0
cce0829d-f2e6-441c-87cc-b12d9c30e754,403,1,3185.0
14bee0c2-d43b-4596-b4d2-0864ee335c03,404,1,2233.0
45a60ed1-523b-46c9-b909-293aed0244ba,405,1,3780.0
817a6672-2a26-4f06-bf96-6a39f90ed5c1,406,1,3488.0
9ede035b-aa7e-42fd-b698-b8b4180b5f64,407,1,4270.0
83003c3b-97d0-46ea-87fc-865606577c07,408,1,1472.0
0bacf4cc-17e6-4d78-88dd-76dd8a336120,409,1,2994.0
05679091-c9c9-42b0-b51e-9f5e891ce02e,410,1,2262.0
bf20214c-b3b2-47ea-bc5a-1cefd1aa3b53,411,1,3276.0
7860940a-3461-4f29-a35e-ef50c9851da1,412,1,2501.0
89d0bc99-33f0-4014-8a0a-21b334a98da5,413,1,2764.0
c9c15608-a9ef-4b59-9793-f35ef46539ac,414,1,2135.0
6d74d355-a3ba-44f1-bea5-91d9aca809b2,415,1,2867.0
8f6bb2e5-7671-4047-9013-8af8c48e39e0,416,1,2773.0
a20cea7e-a63c-4e54-96dc-e18eb6bd7859,417,1,2754.0
4bf00e8f-d0a4-46e8-a949-344d2c9acef1,418,1,2257.0
f45bfd7d-f66b-4238-aedb-ac0a10a804d3,419,1,2709.0
f1a9111e-d5d7-4668-940a-d00c5cde80b5,420,1,3226.0
4f66cb9b-3fee-438e-9f46-f609fd834586,421,1,2574.0
2a1a85bc-288a-434f-93b8-614479c86f1b,422,1,2432.0
f229c7d2-23fb-472e-bf60-e45c0622a0c5,423,1,2368.0
3da5070b-d1aa-4ad5-a304-bdacd41f301f,424,1,3588.0
10f67d6f-4c13-4f15-acda-8f4aee5579cf,425,1,2706.0
4d9fb57b-713f-4e80-9cb2-59fd4e6ad502,426,1,3120.0
8cdb1223-d7de-4194-85e0-dfc9970eecc4,427,1,2183.0
a9816c22-ae80-44f2-9229-0a05a31cf394,428,1,1891.0
26d3cd2f-21c4-4d05-bb97-435e31691cd0,429,1,3102.0
e9e53411-e917-4857-ab2d-7c1278c6b1f3,430,1,2624.0
e53b5fc8-3ccb-4b2d-bb51-8dc54fb1b059,431,1,2928.0
b154a8d4-d117-488c-bf5d-dc4b4651f3a6,432,1,3072.0
426107fa-ab66-4de8-af8b-8794b718ddad,433,1,2080.0
b0e1ff61-2cc3-4001-801b-206b93aec3d2,434,1,2394.0
315414e7-3e29-42bc-be78-531fd79f4d05,435,1,2622.0
38c0b732-a44b-4ef2-abd9-b64a7567b6c7,436,1,3072.0
1af20f21-3e63-4a7f-b603-0cb1ee04bafa,437,1,3120.0
7fe6602c-7ebb-4e4f-8555-ecdbdced4685,438,1,2196.0
9d6028eb-9053-4474-b1fe-23329bd97e27,439,1,2112.0
f3f505a1-581b-4987-975f-fcedd0b26611,440,1,3234.0
f344326f-d578-4697-887c-2a5e647ce2d9,441,1,3087.0
a55e9678-06f7-476a-9782-d1936d6e619c,442,1,3200.0
f3a33c55-9371-4218-ad96-c37b6c1f948c,443,1,3350.0
5ffe73f3-d29b-4438-885f-fa4b989ec331,444,1,3366.0
b00741a9-c8a5-4438-94fe-40a3eece4ef7,445,1,3350.0
b41ca7c6-bbd6-441b-9e42-1efa8e8cd242,446,1,3150.0
6f4704ee-39fa-43c4-b8ba-47e74791e208,447,1,2688.0
c97f8198-91da-4441-af83-dcc377299977,448,1,3300.0
53365b80-2f0f-4e57-9f41-72e348d66898,449,1,3150.0
884e3c4e-cfbf-4975-94e8-cf1b5709a69f,450,1,3300.0
150b631d-8966-4e02-af24-49bfd748e0a8,451,1,2806.0
b47ce4f3-3964-4869-b432-3d5dac58d493,452,1,2709.0
628b4e39-f6d4-4009-973c-09c0bb186406,453,1,3008.0
5bf0b31a-8405-4cb0-8377-1adb78bc319a,454,1,3381.0
6717b1d1-333a-4ff7-9c59-64046eb106fc,455,1,3072.0
415848d6-fa61-4349-bd5f-cf8fa033654d,456,1,3350.0
467b4755-0043-4e3e-a38e-6a4aa8e80ad9,457,1,2331.0
738e3376-cbd0-46c6-9a54-0ed55c78c9d7,458,1,2205.0
67bccc93-4832-4f55-b43d-1036a6b3754f,459,1,3008.0
100570c7-92cc-413c-931b-47cd85d8e4e9,460,1,3766.0
052fd1c7-678f-4488-bb09-312060894e0f,461,1,3050.0
2a073238-a56a-46a1-8cf2-6cedb0a8bf73,462,1,2405.0
de3574a5-274f-4471-8da8-a63463d23bf9,463,1,3234.0
ba5fd5fc-2201-407e-9076-6e4cb6ebb88d,464,1,2405.0
9f2792e3-fbfa-4c84-ac81-caf10aa674c7,465,1,3290.0
1ac51711-c6df-4c61-b7cb-5d4e7d9ca9f1,466,1,2580.0
08cbf7c4-b36d-4966-addc-fc4f69300743,467,1,3716.0
a36206e5-ae9a-4a0d-bd15-e08e419eb104,468,1,4140.0
cc5ed7d5-7253-4c89-9751-b88f24626d96,469,1,4136.0
f7963e28-501a-4b36-9cc9-2951d0dc81a8,470,1,3401.0
d6adbccd-a465-42fd-8d0e-0869414547fd,471,1,4055.0
cc44f139-dbcb-49ed-8345-2d1bb9976fc2,472,1,2820.0
2d5e139d-86e3-4272-b0bb-39b8158cb90a,473,1,3136.0
ddc6645e-7a1c-46fc-a842-0d149696a573,474,1,3670.0
fc7fb710-f4dc-4fcc-8454-591cc923c862,475,1,3124.0
f9cc69d7-f859-455e-b505-79d3343c4e0b,476,1,3161.0
38f0d2a0-c23f-43f0-a653-bdfc5e8be9c6,477,1,3238.0
5fc89c74-f7d7-4488-8803-13b83d12d9e8,478,1,2760.0
b5a0f7c4-7543-4c97-a235-44fc4e8b9316,479,1,3008.0
0741c624-2cff-4b68-927f-030930353702,480,1,3222.0
0afa07c2-e773-4d53-ac58-a1ec49476b50,481,1,3472.0
c65d1e37-c037-43bb-a51b-209ae7f01530,482,1,2280.0
cad312e1-1357-4001-b9b1-ed5f44e2df3f,483,1,4207.0
c6fb4787-93f6-4866-bc9f-d8e60cb76b8e,484,1,3458.0
802152ae-2e8c-4391-b1f6-129fc73f96db,485,1,3558.0
eae9b7f4-a9ff-4670-b4e3-95498b02efbe,486,1,2820.0
d194f946-14e2-48a9-9e51-80920eda73bf,487,1,2478.0
5207283f-3c08-443b-a35f-7d2379758882,488,1,2961.0
e8662a68-2276-4eae-8836-4c4f72854682,489,1,3102.0
eac6389e-8df4-464b-b462-2b9ce59f0946,490,1,2640.0
f4c17288-217a-4b5b-ac40-18f832242fc1,491,1,2990.0
559bccd4-b105-424b-a88d-584cb87c1125,492,1,2940.0
7a78d082-037a-433f-9ade-8567ab9a4378,493,1,6292.0
b650d2ec-dabc-49a8-ab12-a785128492d4,494,1,3120.0
cf6b67c2-34d9-4090-b56d-912cbfbd7642,495,1,4182.0
27e381b9-a0ea-455f-8771-f4d6cf95387a,496,1,3168.0
a0a3d357-4deb-43a3-8047-3eab9343355c,497,1,5284.0
4cb912bb-022a-4556-a76b-72c14d4fc6b3,498,1,6567.0
6f43ed70-0850-4945-a477-4435e32c88fb,499,1,3965.0
730fb0c5-8372-4e8c-a71d-75cb03f7ce71,500,1,5100.0
162cefc5-9755-47bb-abf5-cdf8122cdc49,501,1,10249.0
333b690d-80d8-4c43-bc6e-980a8026ab39,502,1,8810.0
651e42c2-3b12-4b84-bf7f-f9bdcd3dc5df,503,1,9878.0
690d2ee5-917c-4c29-8028-850bc1ae178f,504,1,5750.0
e0dc999d-ccc1-409f-8b6c-780c439c4014,505,1,2867.0
30f454da-574a-4805-aaac-a434a057b55b,506,1,12154.0
e427c115-e00d-457f-a3f8-e89afa5906d0,507,1,17792.0
f606703b-0046-4f0e-aec0-2be094df52ad,508,1,18836.0
c41e9c0c-0a74-49c6-a974-578564ea772a,509,1,6852.0
2c76ac9d-a4be-425a-a5e4-1b4b794703fc,510,1,9880.0
65fcfb26-090b-4865-9241-9abd0c2036d5,511,1,15514.0
1cbc7baa-0887-4130-aae1-3dc45e6ae484,512,1,25884.0
f0172375-96ea-416b-a0f0-9323bd37c331,513,1,20544.0
01045487-c0a0-45d5-afcb-205c463a7d31,514,1,9205.0
7d0716db-068a-4cb7-a6b8-7a738aaac450,515,1,11194.0
ae1860b1-81e3-4e64-b51a-dae4899555e5,516,1,15949.0
d8d6567c-23b7-4416-8638-7a9fbc48e872,517,1,17713.0
f646bc52-d12f-4825-a4ec-5366208dfa46,518,1,23891.0
48e4aa3f-d5f4-40fe-acd5-cc634bdbcbb5,519,1,13154.0
11bf0950-aa9e-474b-bce0-175d98155691,520,1,6141.0
574e10c2-8b21-485d-a322-4097c71b964f,521,1,2865.0
28e40392-d78b-4f35-8ac8-84f7e438ec4e,522,1,12799.0
3c8f702e-ba6b-4ab8-9b1b-e0c633e69f14,523,1,4709.0
ffbc01e2-51b7-42ad-bdb2-e928ca58a12c,524,1,5979.0
451b6b79-bcf0-4907-a4cf-2992a38481d9,525,1,4950.0
3c74d4a8-5b3b-4e76-b0b7-284d6532ef0e,526,1,5435.0
5c6b44a0-e645-4f34-a3f0-2835536e7e82,527,1,5355.0
7660e022-6548-43a2-85ad-05e88cdbcb7e,528,1,5895.0
e947668e-c0c4-4634-8115-755be39f9023,529,1,3717.0
18405a9b-ab20-4088-ac4c-f4b8ed055926,530,1,4648.0
0cfb2aec-ffaa-43d2-87ed-8c4e11c4aef6,531,1,2365.0
26c93970-e965-42ea-9d88-cb78e990b85c,532,1,5114.0
00735441-f1ad-4761-bb89-5977a0f1a45c,533,1,17048.0
490d2202-8363-4f63-b91d-056373af17bb,534,1,14469.0
d8ce3be2-7b6d-410e-85e4-f6b756cf8a6f,535,1,10011.0
9e4a8275-f7ae-49d6-bef8-0fcd9ff5f046,536,1,5052.0
d5c0cf6e-2684-462e-ae07-391b1dfc20db,537,1,5706.0
2acd2151-cbef-4ac5-9dc1-38c18b30d91a,538,1,5828.0
4c7b7d4a-d9e0-4a71-8305-d656c89adaa0,539,1,3577.0
09bb113d-f3d6-4000-8e59-f18fefa3e2b0,540,1,3064.0
38b0dd95-0b1e-432c-9390-b1fb5e8dece9,541,1,1955.0
99b1d984-a830-4a39-b461-58ea6a6f6419,542,1,5470.0
7ddbeb2b-eed5-44c5-bcc7-7da032156b91,543,1,2659.0
40a01c25-1f8d-4796-9e8d-f394350529ee,544,1,4168.0
c640f214-22ea-42d0-bf4b-d45363582aab,545,1,2077.0
848c0b07-1dd5-4f5f-8f24-846475bd3c89,546,1,3475.0
b91a9069-ed7b-4dcb-bca4-40fb71037cb4,547,1,2691.0
384e6360-f604-47e7-95d6-1a812bc8556d,548,1,48300.0
b105f352-f10c-430c-a9d3-32e9a64831e4,549,1,70882.0
b8136b8e-4d5a-4a93-b2f8-535f0dda14e7,550,1,101374.0
